tag,C,class_weight,decision_function_shape,tol,gamma,fold,accuracy,precision,recall,F1,auroc,prauc
C=0.1 | class_weight=balanced | decision_function_shape=ovr | tol=0.1 | gamma=0.01,0.1,balanced,ovr,0.1,0.01,1,0.4015369836695485,0.5111745597601757,0.4015369836695485,0.38886513984370186,0.7406108857704483,0.5152063834654118
C=0.1 | class_weight=balanced | decision_function_shape=ovr | tol=0.1 | gamma=0.01,0.1,balanced,ovr,0.1,0.01,2,0.4111431316042267,0.549116953310292,0.4111431316042267,0.39687292592918877,0.7556089668847813,0.5459768788390289
C=0.1 | class_weight=balanced | decision_function_shape=ovr | tol=0.1 | gamma=0.01,0.1,balanced,ovr,0.1,0.01,3,0.4140249759846302,0.5307115607032268,0.4140249759846302,0.396083088388487,0.7320629187179374,0.517002164268482
C=0.1 | class_weight=balanced | decision_function_shape=ovr | tol=0.1 | gamma=0.01,0.1,balanced,ovr,0.1,0.01,4,0.40874159462055715,0.5396121693984076,0.40874159462055715,0.39189362164550684,0.7380753148678787,0.5270286811517256
C=0.1 | class_weight=balanced | decision_function_shape=ovr | tol=0.1 | gamma=0.01,0.1,balanced,ovr,0.1,0.01,5,0.38395002402691014,0.5123604048785709,0.38395002402691014,0.3624556958328534,0.7280753872207314,0.5073266949144168
C=0.1 | class_weight=balanced | decision_function_shape=ovr | tol=0.1 | gamma=0.1,0.1,balanced,ovr,0.1,0.1,1,0.696445725264169,0.7583232389867658,0.696445725264169,0.6995083166055248,0.9195192585995576,0.8291040825772079
C=0.1 | class_weight=balanced | decision_function_shape=ovr | tol=0.1 | gamma=0.1,0.1,balanced,ovr,0.1,0.1,2,0.7031700288184438,0.766235986997347,0.7031700288184438,0.7041374136721178,0.925615481268585,0.8417330087973713
C=0.1 | class_weight=balanced | decision_function_shape=ovr | tol=0.1 | gamma=0.1,0.1,balanced,ovr,0.1,0.1,3,0.7089337175792507,0.7663617579081103,0.7089337175792507,0.7093658174856186,0.9295957233340465,0.8533661432536991
C=0.1 | class_weight=balanced | decision_function_shape=ovr | tol=0.1 | gamma=0.1,0.1,balanced,ovr,0.1,0.1,4,0.696926032660903,0.7682910307799394,0.696926032660903,0.6981117358464601,0.9242605050463185,0.8323656475856889
C=0.1 | class_weight=balanced | decision_function_shape=ovr | tol=0.1 | gamma=0.1,0.1,balanced,ovr,0.1,0.1,5,0.683805862566074,0.7543910629453394,0.683805862566074,0.6865461172480888,0.9107020951982437,0.8079017058335547
C=0.1 | class_weight=balanced | decision_function_shape=ovr | tol=0.1 | gamma=1,0.1,balanced,ovr,0.1,1.0,1,0.8515850144092219,0.8719617144964279,0.8515850144092219,0.8539911351316685,0.9762543217493262,0.9365147749907142
C=0.1 | class_weight=balanced | decision_function_shape=ovr | tol=0.1 | gamma=1,0.1,balanced,ovr,0.1,1.0,2,0.8587896253602305,0.8796627351765407,0.8587896253602305,0.8616876042096109,0.9770967041268575,0.9344911967049396
C=0.1 | class_weight=balanced | decision_function_shape=ovr | tol=0.1 | gamma=1,0.1,balanced,ovr,0.1,1.0,3,0.8650336215177714,0.883196526296571,0.8650336215177714,0.8673512255970928,0.9808146415031037,0.947268560591539
C=0.1 | class_weight=balanced | decision_function_shape=ovr | tol=0.1 | gamma=1,0.1,balanced,ovr,0.1,1.0,4,0.8592699327569645,0.8783919584992852,0.8592699327569645,0.8619669628629889,0.9801584402837997,0.9438026578415285
C=0.1 | class_weight=balanced | decision_function_shape=ovr | tol=0.1 | gamma=1,0.1,balanced,ovr,0.1,1.0,5,0.8553580009610764,0.8753056374254735,0.8553580009610764,0.8578808653843957,0.9750708492919105,0.9289565772824527
C=0.1 | class_weight=balanced | decision_function_shape=ovr | tol=1 | gamma=0.01,0.1,balanced,ovr,1.0,0.01,1,0.3808837656099904,0.5032580797642237,0.3808837656099904,0.3643652606674229,0.7377125030124236,0.5165670657917785
C=0.1 | class_weight=balanced | decision_function_shape=ovr | tol=1 | gamma=0.01,0.1,balanced,ovr,1.0,0.01,2,0.41450528338136405,0.5566772771738729,0.41450528338136405,0.3980297862860191,0.7541763389912944,0.5510779971664385
C=0.1 | class_weight=balanced | decision_function_shape=ovr | tol=1 | gamma=0.01,0.1,balanced,ovr,1.0,0.01,3,0.4058597502401537,0.5388138682764119,0.4058597502401537,0.39970247978283713,0.7291294748419409,0.5209992191710071
C=0.1 | class_weight=balanced | decision_function_shape=ovr | tol=1 | gamma=0.01,0.1,balanced,ovr,1.0,0.01,4,0.3756003842459174,0.5185682905347732,0.3756003842459174,0.35744584906306476,0.7332130901214764,0.5248883845780062
C=0.1 | class_weight=balanced | decision_function_shape=ovr | tol=1 | gamma=0.01,0.1,balanced,ovr,1.0,0.01,5,0.35271504084574723,0.5047821763524646,0.35271504084574723,0.32501934642867014,0.7292030014341566,0.5103369366360662
C=0.1 | class_weight=balanced | decision_function_shape=ovr | tol=1 | gamma=0.1,0.1,balanced,ovr,1.0,0.1,1,0.6657060518731989,0.7601707593559318,0.6657060518731989,0.669608346706119,0.9044103552327345,0.8038193716311754
C=0.1 | class_weight=balanced | decision_function_shape=ovr | tol=1 | gamma=0.1,0.1,balanced,ovr,1.0,0.1,2,0.6738712776176753,0.7614684231526205,0.6738712776176753,0.6750029318336721,0.918836367131988,0.8228123918555574
C=0.1 | class_weight=balanced | decision_function_shape=ovr | tol=1 | gamma=0.1,0.1,balanced,ovr,1.0,0.1,3,0.7122958693563881,0.7796393415085859,0.7122958693563881,0.7143439900944607,0.9175738674137365,0.8283067268421623
C=0.1 | class_weight=balanced | decision_function_shape=ovr | tol=1 | gamma=0.1,0.1,balanced,ovr,1.0,0.1,4,0.69164265129683,0.7791543303323957,0.69164265129683,0.6933886660447551,0.9101812703419008,0.8072706042810942
C=0.1 | class_weight=balanced | decision_function_shape=ovr | tol=1 | gamma=0.1,0.1,balanced,ovr,1.0,0.1,5,0.67611725132148,0.7583402897498187,0.67611725132148,0.679242014640688,0.9083902072293342,0.8050381979863503
C=0.1 | class_weight=balanced | decision_function_shape=ovr | tol=1 | gamma=1,0.1,balanced,ovr,1.0,1.0,1,0.845821325648415,0.8726432771908129,0.845821325648415,0.8484135331478652,0.9688792096758756,0.9162282061921738
C=0.1 | class_weight=balanced | decision_function_shape=ovr | tol=1 | gamma=1,0.1,balanced,ovr,1.0,1.0,2,0.8602305475504323,0.8817648089450092,0.8602305475504323,0.862551338843637,0.9738187835334665,0.9157619129322542
C=0.1 | class_weight=balanced | decision_function_shape=ovr | tol=1 | gamma=1,0.1,balanced,ovr,1.0,1.0,3,0.8655139289145053,0.8851505711867589,0.8655139289145053,0.8679691862172003,0.974505733629314,0.9294896532385906
C=0.1 | class_weight=balanced | decision_function_shape=ovr | tol=1 | gamma=1,0.1,balanced,ovr,1.0,1.0,4,0.8477425552353506,0.8717526064701397,0.8477425552353506,0.849838110748234,0.9775865742874489,0.9321239924215168
C=0.1 | class_weight=balanced | decision_function_shape=ovr | tol=1 | gamma=1,0.1,balanced,ovr,1.0,1.0,5,0.8524747717443537,0.8732886279167581,0.8524747717443537,0.8547778600398643,0.9694314188652953,0.9065432302422445
C=0.1 | class_weight=balanced | decision_function_shape=ovr | tol=10 | gamma=0.01,0.1,balanced,ovr,10.0,0.01,1,0.44668587896253603,0.19952827446453336,0.44668587896253603,0.2758418774469844,0.5,0.30576018219383744
C=0.1 | class_weight=balanced | decision_function_shape=ovr | tol=10 | gamma=0.01,0.1,balanced,ovr,10.0,0.01,2,0.44668587896253603,0.19952827446453336,0.44668587896253603,0.2758418774469844,0.5,0.3059502750348119
C=0.1 | class_weight=balanced | decision_function_shape=ovr | tol=10 | gamma=0.01,0.1,balanced,ovr,10.0,0.01,3,0.4462055715658021,0.19909941209636414,0.4462055715658021,0.27534040251386926,0.5,0.30541413940080153
C=0.1 | class_weight=balanced | decision_function_shape=ovr | tol=10 | gamma=0.01,0.1,balanced,ovr,10.0,0.01,4,0.44668587896253603,0.19952827446453336,0.44668587896253603,0.2758418774469844,0.5,0.30563191566521886
C=0.1 | class_weight=balanced | decision_function_shape=ovr | tol=10 | gamma=0.01,0.1,balanced,ovr,10.0,0.01,5,0.44690052859202306,0.19972008245582962,0.44690052859202306,0.2760660854138701,0.5,0.30584005166997996
C=0.1 | class_weight=balanced | decision_function_shape=ovr | tol=10 | gamma=0.1,0.1,balanced,ovr,10.0,0.1,1,0.44668587896253603,0.19952827446453336,0.44668587896253603,0.2758418774469844,0.5,0.30576018219383744
C=0.1 | class_weight=balanced | decision_function_shape=ovr | tol=10 | gamma=0.1,0.1,balanced,ovr,10.0,0.1,2,0.44668587896253603,0.19952827446453336,0.44668587896253603,0.2758418774469844,0.5,0.3059502750348119
C=0.1 | class_weight=balanced | decision_function_shape=ovr | tol=10 | gamma=0.1,0.1,balanced,ovr,10.0,0.1,3,0.4462055715658021,0.19909941209636414,0.4462055715658021,0.27534040251386926,0.5,0.30541413940080153
C=0.1 | class_weight=balanced | decision_function_shape=ovr | tol=10 | gamma=0.1,0.1,balanced,ovr,10.0,0.1,4,0.44668587896253603,0.19952827446453336,0.44668587896253603,0.2758418774469844,0.5,0.30563191566521886
C=0.1 | class_weight=balanced | decision_function_shape=ovr | tol=10 | gamma=0.1,0.1,balanced,ovr,10.0,0.1,5,0.44690052859202306,0.19972008245582962,0.44690052859202306,0.2760660854138701,0.5,0.30584005166997996
C=0.1 | class_weight=balanced | decision_function_shape=ovr | tol=10 | gamma=1,0.1,balanced,ovr,10.0,1.0,1,0.44668587896253603,0.19952827446453336,0.44668587896253603,0.2758418774469844,0.5,0.30576018219383744
C=0.1 | class_weight=balanced | decision_function_shape=ovr | tol=10 | gamma=1,0.1,balanced,ovr,10.0,1.0,2,0.44668587896253603,0.19952827446453336,0.44668587896253603,0.2758418774469844,0.5,0.3059502750348119
C=0.1 | class_weight=balanced | decision_function_shape=ovr | tol=10 | gamma=1,0.1,balanced,ovr,10.0,1.0,3,0.4462055715658021,0.19909941209636414,0.4462055715658021,0.27534040251386926,0.5,0.30541413940080153
C=0.1 | class_weight=balanced | decision_function_shape=ovr | tol=10 | gamma=1,0.1,balanced,ovr,10.0,1.0,4,0.44668587896253603,0.19952827446453336,0.44668587896253603,0.2758418774469844,0.5,0.30563191566521886
C=0.1 | class_weight=balanced | decision_function_shape=ovr | tol=10 | gamma=1,0.1,balanced,ovr,10.0,1.0,5,0.44690052859202306,0.19972008245582962,0.44690052859202306,0.2760660854138701,0.5,0.30584005166997996
C=0.1 | class_weight=None | decision_function_shape=ovr | tol=0.1 | gamma=0.01,0.1,,ovr,0.1,0.01,1,0.49807877041306436,0.3427113068489763,0.49807877041306436,0.38034398180840995,0.730071780485827,0.522665819357345
C=0.1 | class_weight=None | decision_function_shape=ovr | tol=0.1 | gamma=0.01,0.1,,ovr,0.1,0.01,2,0.4951969260326609,0.33538263948523445,0.4951969260326609,0.3739769785696381,0.745902751820701,0.5495747577375353
C=0.1 | class_weight=None | decision_function_shape=ovr | tol=0.1 | gamma=0.01,0.1,,ovr,0.1,0.01,3,0.48655139289145055,0.3237289268083373,0.48655139289145055,0.36164867793109867,0.7265369010021726,0.5159028498090859
C=0.1 | class_weight=None | decision_function_shape=ovr | tol=0.1 | gamma=0.01,0.1,,ovr,0.1,0.01,4,0.49375600384245916,0.34000034019908804,0.49375600384245916,0.37113456209096124,0.7268055180585734,0.5172144138569027
C=0.1 | class_weight=None | decision_function_shape=ovr | tol=0.1 | gamma=0.01,0.1,,ovr,0.1,0.01,5,0.49495434887073525,0.33924275865881753,0.49495434887073525,0.37171750000860065,0.7328152050147502,0.5318112422416572
C=0.1 | class_weight=None | decision_function_shape=ovr | tol=0.1 | gamma=0.1,0.1,,ovr,0.1,0.1,1,0.7060518731988472,0.719012286217162,0.7060518731988472,0.6929071271143435,0.9160736310323601,0.8209837683351652
C=0.1 | class_weight=None | decision_function_shape=ovr | tol=0.1 | gamma=0.1,0.1,,ovr,0.1,0.1,2,0.7204610951008645,0.7298006523268586,0.7204610951008645,0.7085465899153519,0.9206279395333385,0.8270064072624231
C=0.1 | class_weight=None | decision_function_shape=ovr | tol=0.1 | gamma=0.1,0.1,,ovr,0.1,0.1,3,0.7262247838616714,0.7358189319422153,0.7262247838616714,0.7134334320270553,0.9273526662345329,0.839635802520443
C=0.1 | class_weight=None | decision_function_shape=ovr | tol=0.1 | gamma=0.1,0.1,,ovr,0.1,0.1,4,0.6983669548511047,0.7102113938835954,0.6983669548511047,0.6829799209659136,0.9192841266311708,0.8158694389476543
C=0.1 | class_weight=None | decision_function_shape=ovr | tol=0.1 | gamma=0.1,0.1,,ovr,0.1,0.1,5,0.7044690052859203,0.7152072830047825,0.7044690052859203,0.6928187465594252,0.9132939511199316,0.8092338834823969
C=0.1 | class_weight=None | decision_function_shape=ovr | tol=0.1 | gamma=1,0.1,,ovr,0.1,1.0,1,0.8688760806916427,0.8700368968872216,0.8688760806916427,0.868783954457559,0.9783434505133155,0.9414506822908537
C=0.1 | class_weight=None | decision_function_shape=ovr | tol=0.1 | gamma=1,0.1,,ovr,0.1,1.0,2,0.8808837656099904,0.8826874757645284,0.8808837656099904,0.8810026518043917,0.9804413660186693,0.9442616169434107
C=0.1 | class_weight=None | decision_function_shape=ovr | tol=0.1 | gamma=1,0.1,,ovr,0.1,1.0,3,0.8871277617675313,0.8882120431127769,0.8871277617675313,0.8870115272949222,0.9825120637615792,0.950732351604434
C=0.1 | class_weight=None | decision_function_shape=ovr | tol=0.1 | gamma=1,0.1,,ovr,0.1,1.0,4,0.8731988472622478,0.8732322190389687,0.8731988472622478,0.8729969744002948,0.9805003207784577,0.9462036024123681
C=0.1 | class_weight=None | decision_function_shape=ovr | tol=0.1 | gamma=1,0.1,,ovr,0.1,1.0,5,0.857760691975012,0.8598100791258141,0.857760691975012,0.8576579589125082,0.9768399970820921,0.9351122781012327
C=0.1 | class_weight=None | decision_function_shape=ovr | tol=1 | gamma=0.01,0.1,,ovr,1.0,0.01,1,0.5629202689721422,0.6262909506466439,0.5629202689721422,0.49581628917947845,0.6717260719363677,0.46504711991138165
C=0.1 | class_weight=None | decision_function_shape=ovr | tol=1 | gamma=0.01,0.1,,ovr,1.0,0.01,2,0.5557156580211335,0.6309727435360537,0.5557156580211335,0.48376732726236066,0.6785828019711202,0.46639009070288673
C=0.1 | class_weight=None | decision_function_shape=ovr | tol=1 | gamma=0.01,0.1,,ovr,1.0,0.01,3,0.5259365994236311,0.6405168958152758,0.5259365994236311,0.4331623861699835,0.6753745795820486,0.4556017531267078
C=0.1 | class_weight=None | decision_function_shape=ovr | tol=1 | gamma=0.01,0.1,,ovr,1.0,0.01,4,0.531700288184438,0.6293450620938847,0.531700288184438,0.4415347735664052,0.6689922861686104,0.44355573949162885
C=0.1 | class_weight=None | decision_function_shape=ovr | tol=1 | gamma=0.01,0.1,,ovr,1.0,0.01,5,0.513695338779433,0.43927616020131194,0.513695338779433,0.39940668770820276,0.6839883312277251,0.4835523733462835
C=0.1 | class_weight=None | decision_function_shape=ovr | tol=1 | gamma=0.1,0.1,,ovr,1.0,0.1,1,0.7190201729106628,0.7376100675985301,0.7190201729106628,0.706156325741174,0.8874976393502455,0.7699608313331192
C=0.1 | class_weight=None | decision_function_shape=ovr | tol=1 | gamma=0.1,0.1,,ovr,1.0,0.1,2,0.7170989433237271,0.7279433016256069,0.7170989433237271,0.7030765602852738,0.8958113785252935,0.7680402346279321
C=0.1 | class_weight=None | decision_function_shape=ovr | tol=1 | gamma=0.1,0.1,,ovr,1.0,0.1,3,0.7113352545629202,0.7302900542491545,0.7113352545629202,0.6981680815230057,0.8995196040854808,0.7872092058963341
C=0.1 | class_weight=None | decision_function_shape=ovr | tol=1 | gamma=0.1,0.1,,ovr,1.0,0.1,4,0.7055715658021133,0.7250620476725487,0.7055715658021133,0.6911292853763761,0.8931989382834591,0.7620131142683557
C=0.1 | class_weight=None | decision_function_shape=ovr | tol=1 | gamma=0.1,0.1,,ovr,1.0,0.1,5,0.7092743873137914,0.7256376714497075,0.7092743873137914,0.6986785931585396,0.8893621489145401,0.75351035978015
C=0.1 | class_weight=None | decision_function_shape=ovr | tol=1 | gamma=1,0.1,,ovr,1.0,1.0,1,0.8722382324687801,0.8727374533359505,0.8722382324687801,0.8715088553924384,0.9734044218580178,0.9310934381170879
C=0.1 | class_weight=None | decision_function_shape=ovr | tol=1 | gamma=1,0.1,,ovr,1.0,1.0,2,0.8842459173871278,0.8844736658896228,0.8842459173871278,0.8835390342921888,0.975628141111866,0.928740170017496
C=0.1 | class_weight=None | decision_function_shape=ovr | tol=1 | gamma=1,0.1,,ovr,1.0,1.0,3,0.8837656099903939,0.883090686312967,0.8837656099903939,0.8825512412350018,0.9765758272880625,0.934101142556799
C=0.1 | class_weight=None | decision_function_shape=ovr | tol=1 | gamma=1,0.1,,ovr,1.0,1.0,4,0.8751200768491835,0.87465609672699,0.8751200768491835,0.8742790218596115,0.9726154314567389,0.928143417220143
C=0.1 | class_weight=None | decision_function_shape=ovr | tol=1 | gamma=1,0.1,,ovr,1.0,1.0,5,0.857760691975012,0.858549761916423,0.857760691975012,0.8560133554053538,0.9709002250451645,0.9217047051994129
C=0.1 | class_weight=None | decision_function_shape=ovr | tol=10 | gamma=0.01,0.1,,ovr,10.0,0.01,1,0.44668587896253603,0.19952827446453336,0.44668587896253603,0.2758418774469844,0.5,0.30576018219383744
C=0.1 | class_weight=None | decision_function_shape=ovr | tol=10 | gamma=0.01,0.1,,ovr,10.0,0.01,2,0.44668587896253603,0.19952827446453336,0.44668587896253603,0.2758418774469844,0.5,0.3059502750348119
C=0.1 | class_weight=None | decision_function_shape=ovr | tol=10 | gamma=0.01,0.1,,ovr,10.0,0.01,3,0.4462055715658021,0.19909941209636414,0.4462055715658021,0.27534040251386926,0.5,0.30541413940080153
C=0.1 | class_weight=None | decision_function_shape=ovr | tol=10 | gamma=0.01,0.1,,ovr,10.0,0.01,4,0.44668587896253603,0.19952827446453336,0.44668587896253603,0.2758418774469844,0.5,0.30563191566521886
C=0.1 | class_weight=None | decision_function_shape=ovr | tol=10 | gamma=0.01,0.1,,ovr,10.0,0.01,5,0.44690052859202306,0.19972008245582962,0.44690052859202306,0.2760660854138701,0.5,0.30584005166997996
C=0.1 | class_weight=None | decision_function_shape=ovr | tol=10 | gamma=0.1,0.1,,ovr,10.0,0.1,1,0.44668587896253603,0.19952827446453336,0.44668587896253603,0.2758418774469844,0.5,0.30576018219383744
C=0.1 | class_weight=None | decision_function_shape=ovr | tol=10 | gamma=0.1,0.1,,ovr,10.0,0.1,2,0.44668587896253603,0.19952827446453336,0.44668587896253603,0.2758418774469844,0.5,0.3059502750348119
C=0.1 | class_weight=None | decision_function_shape=ovr | tol=10 | gamma=0.1,0.1,,ovr,10.0,0.1,3,0.4462055715658021,0.19909941209636414,0.4462055715658021,0.27534040251386926,0.5,0.30541413940080153
C=0.1 | class_weight=None | decision_function_shape=ovr | tol=10 | gamma=0.1,0.1,,ovr,10.0,0.1,4,0.44668587896253603,0.19952827446453336,0.44668587896253603,0.2758418774469844,0.5,0.30563191566521886
C=0.1 | class_weight=None | decision_function_shape=ovr | tol=10 | gamma=0.1,0.1,,ovr,10.0,0.1,5,0.44690052859202306,0.19972008245582962,0.44690052859202306,0.2760660854138701,0.5,0.30584005166997996
C=0.1 | class_weight=None | decision_function_shape=ovr | tol=10 | gamma=1,0.1,,ovr,10.0,1.0,1,0.44668587896253603,0.19952827446453336,0.44668587896253603,0.2758418774469844,0.5,0.30576018219383744
C=0.1 | class_weight=None | decision_function_shape=ovr | tol=10 | gamma=1,0.1,,ovr,10.0,1.0,2,0.44668587896253603,0.19952827446453336,0.44668587896253603,0.2758418774469844,0.5,0.3059502750348119
C=0.1 | class_weight=None | decision_function_shape=ovr | tol=10 | gamma=1,0.1,,ovr,10.0,1.0,3,0.4462055715658021,0.19909941209636414,0.4462055715658021,0.27534040251386926,0.5,0.30541413940080153
C=0.1 | class_weight=None | decision_function_shape=ovr | tol=10 | gamma=1,0.1,,ovr,10.0,1.0,4,0.44668587896253603,0.19952827446453336,0.44668587896253603,0.2758418774469844,0.5,0.30563191566521886
C=0.1 | class_weight=None | decision_function_shape=ovr | tol=10 | gamma=1,0.1,,ovr,10.0,1.0,5,0.44690052859202306,0.19972008245582962,0.44690052859202306,0.2760660854138701,0.5,0.30584005166997996
C=1 | class_weight=balanced | decision_function_shape=ovr | tol=0.1 | gamma=0.01,1.0,balanced,ovr,0.1,0.01,1,0.47790585975024014,0.5877379821844135,0.47790585975024014,0.4795735596592648,0.8114676291584935,0.6191003268678212
C=1 | class_weight=balanced | decision_function_shape=ovr | tol=0.1 | gamma=0.01,1.0,balanced,ovr,0.1,0.01,2,0.5,0.636821782809122,0.5,0.5022808814436149,0.8301915231508463,0.6452886534655906
C=1 | class_weight=balanced | decision_function_shape=ovr | tol=0.1 | gamma=0.01,1.0,balanced,ovr,0.1,0.01,3,0.4932756964457253,0.6111909803622929,0.4932756964457253,0.4933072461790042,0.8179383101609214,0.6316074097921084
C=1 | class_weight=balanced | decision_function_shape=ovr | tol=0.1 | gamma=0.01,1.0,balanced,ovr,0.1,0.01,4,0.5019212295869356,0.6195606538587033,0.5019212295869356,0.5013462506176894,0.8118196377978785,0.6233875217047151
C=1 | class_weight=balanced | decision_function_shape=ovr | tol=0.1 | gamma=0.01,1.0,balanced,ovr,0.1,0.01,5,0.45843344545891396,0.5872042059709836,0.45843344545891396,0.4599090306861346,0.8065280056555316,0.6165006596601472
C=1 | class_weight=balanced | decision_function_shape=ovr | tol=0.1 | gamma=0.1,1.0,balanced,ovr,0.1,0.1,1,0.7584053794428435,0.7942615964113947,0.7584053794428435,0.7608018997611016,0.9519954174484325,0.8883493088515952
C=1 | class_weight=balanced | decision_function_shape=ovr | tol=0.1 | gamma=0.1,1.0,balanced,ovr,0.1,0.1,2,0.7756964457252642,0.8118163608040835,0.7756964457252642,0.7786837247147311,0.9558795458804773,0.8937201488778541
C=1 | class_weight=balanced | decision_function_shape=ovr | tol=0.1 | gamma=0.1,1.0,balanced,ovr,0.1,0.1,3,0.7843419788664745,0.8222560172014579,0.7843419788664745,0.787510522182078,0.9610675073514596,0.9052159954255418
C=1 | class_weight=balanced | decision_function_shape=ovr | tol=0.1 | gamma=0.1,1.0,balanced,ovr,0.1,0.1,4,0.7665706051873199,0.810923767370959,0.7665706051873199,0.7695190225321086,0.9566011446528127,0.8942276199368352
C=1 | class_weight=balanced | decision_function_shape=ovr | tol=0.1 | gamma=0.1,1.0,balanced,ovr,0.1,0.1,5,0.7582892839980778,0.8026734511527586,0.7582892839980778,0.7624620517573167,0.9483358672568576,0.8770508928137113
C=1 | class_weight=balanced | decision_function_shape=ovr | tol=0.1 | gamma=1,1.0,balanced,ovr,0.1,1.0,1,0.8837656099903939,0.8980179650793885,0.8837656099903939,0.8861659095454529,0.9847330796059163,0.9571858413304296
C=1 | class_weight=balanced | decision_function_shape=ovr | tol=0.1 | gamma=1,1.0,balanced,ovr,0.1,1.0,2,0.8904899135446686,0.9072746402439357,0.8904899135446686,0.893084709770688,0.9851614766641706,0.9587900079443202
C=1 | class_weight=balanced | decision_function_shape=ovr | tol=0.1 | gamma=1,1.0,balanced,ovr,0.1,1.0,3,0.9010566762728146,0.9129984268503731,0.9010566762728146,0.903175935575809,0.9865795162861442,0.9616587051579604
C=1 | class_weight=balanced | decision_function_shape=ovr | tol=0.1 | gamma=1,1.0,balanced,ovr,0.1,1.0,4,0.8919308357348703,0.9048171994879248,0.8919308357348703,0.8941754210374523,0.9875904575568332,0.9644830848096883
C=1 | class_weight=balanced | decision_function_shape=ovr | tol=0.1 | gamma=1,1.0,balanced,ovr,0.1,1.0,5,0.8856319077366651,0.899073433367906,0.8856319077366651,0.8877724876236206,0.9835919204409613,0.9525833279390117
C=1 | class_weight=balanced | decision_function_shape=ovr | tol=1 | gamma=0.01,1.0,balanced,ovr,1.0,0.01,1,0.4769452449567723,0.6322296619204207,0.4769452449567723,0.4747473114599633,0.8139960748469047,0.6140014318415691
C=1 | class_weight=balanced | decision_function_shape=ovr | tol=1 | gamma=0.01,1.0,balanced,ovr,1.0,0.01,2,0.48655139289145055,0.6451229953651868,0.48655139289145055,0.48549142191107275,0.8316012120924045,0.6358262325311353
C=1 | class_weight=balanced | decision_function_shape=ovr | tol=1 | gamma=0.01,1.0,balanced,ovr,1.0,0.01,3,0.43707973102785785,0.6393264194607928,0.43707973102785785,0.437792510036194,0.8249152365945763,0.6346360243044488
C=1 | class_weight=balanced | decision_function_shape=ovr | tol=1 | gamma=0.01,1.0,balanced,ovr,1.0,0.01,4,0.4817483189241114,0.625830894710281,0.4817483189241114,0.4802430447241716,0.8134381948385442,0.6159052468258481
C=1 | class_weight=balanced | decision_function_shape=ovr | tol=1 | gamma=0.01,1.0,balanced,ovr,1.0,0.01,5,0.44161460836136474,0.5932595675098504,0.44161460836136474,0.4490569829604422,0.808582673922124,0.6082245669936669
C=1 | class_weight=balanced | decision_function_shape=ovr | tol=1 | gamma=0.1,1.0,balanced,ovr,1.0,0.1,1,0.75552353506244,0.7940655017506105,0.75552353506244,0.7583141327187523,0.9492983271404346,0.8835846115253824
C=1 | class_weight=balanced | decision_function_shape=ovr | tol=1 | gamma=0.1,1.0,balanced,ovr,1.0,0.1,2,0.7670509125840538,0.8103115401964907,0.7670509125840538,0.7698497573955551,0.9555448979312298,0.8899845894170303
C=1 | class_weight=balanced | decision_function_shape=ovr | tol=1 | gamma=0.1,1.0,balanced,ovr,1.0,0.1,3,0.7833813640730067,0.826762725509234,0.7833813640730067,0.7860711119626214,0.9559578529573419,0.8932928650018301
C=1 | class_weight=balanced | decision_function_shape=ovr | tol=1 | gamma=0.1,1.0,balanced,ovr,1.0,0.1,4,0.7723342939481268,0.8245615513755253,0.7723342939481268,0.7742278526801066,0.9502744819685227,0.8826784457206066
C=1 | class_weight=balanced | decision_function_shape=ovr | tol=1 | gamma=0.1,1.0,balanced,ovr,1.0,0.1,5,0.7554060547813551,0.8050345512038322,0.7554060547813551,0.7587598837909337,0.9449617920346437,0.8680419944998885
C=1 | class_weight=balanced | decision_function_shape=ovr | tol=1 | gamma=1,1.0,balanced,ovr,1.0,1.0,1,0.8823246878001921,0.8968643766508902,0.8823246878001921,0.8846943319117416,0.9809132883310466,0.9448623310665331
C=1 | class_weight=balanced | decision_function_shape=ovr | tol=1 | gamma=1,1.0,balanced,ovr,1.0,1.0,2,0.8876080691642652,0.9044874755234915,0.8876080691642652,0.8900478921751749,0.9819968890314552,0.9457200393383518
C=1 | class_weight=balanced | decision_function_shape=ovr | tol=1 | gamma=1,1.0,balanced,ovr,1.0,1.0,3,0.8972142170989433,0.9089257298175505,0.8972142170989433,0.8992342353079451,0.9847370793085499,0.9582969674219645
C=1 | class_weight=balanced | decision_function_shape=ovr | tol=1 | gamma=1,1.0,balanced,ovr,1.0,1.0,4,0.8952929875120077,0.9075913326908186,0.8952929875120077,0.8973614260023524,0.985744084602721,0.9598794183161927
C=1 | class_weight=balanced | decision_function_shape=ovr | tol=1 | gamma=1,1.0,balanced,ovr,1.0,1.0,5,0.8832292167227295,0.8978516332121546,0.8832292167227295,0.8855960107559929,0.9812959026178741,0.9456771939611599
C=1 | class_weight=balanced | decision_function_shape=ovr | tol=10 | gamma=0.01,1.0,balanced,ovr,10.0,0.01,1,0.44668587896253603,0.19952827446453336,0.44668587896253603,0.2758418774469844,0.5,0.30576018219383744
C=1 | class_weight=balanced | decision_function_shape=ovr | tol=10 | gamma=0.01,1.0,balanced,ovr,10.0,0.01,2,0.44668587896253603,0.19952827446453336,0.44668587896253603,0.2758418774469844,0.5,0.3059502750348119
C=1 | class_weight=balanced | decision_function_shape=ovr | tol=10 | gamma=0.01,1.0,balanced,ovr,10.0,0.01,3,0.4462055715658021,0.19909941209636414,0.4462055715658021,0.27534040251386926,0.5,0.30541413940080153
C=1 | class_weight=balanced | decision_function_shape=ovr | tol=10 | gamma=0.01,1.0,balanced,ovr,10.0,0.01,4,0.44668587896253603,0.19952827446453336,0.44668587896253603,0.2758418774469844,0.5,0.30563191566521886
C=1 | class_weight=balanced | decision_function_shape=ovr | tol=10 | gamma=0.01,1.0,balanced,ovr,10.0,0.01,5,0.44690052859202306,0.19972008245582962,0.44690052859202306,0.2760660854138701,0.5,0.30584005166997996
C=1 | class_weight=balanced | decision_function_shape=ovr | tol=10 | gamma=0.1,1.0,balanced,ovr,10.0,0.1,1,0.44668587896253603,0.19952827446453336,0.44668587896253603,0.2758418774469844,0.5,0.30576018219383744
C=1 | class_weight=balanced | decision_function_shape=ovr | tol=10 | gamma=0.1,1.0,balanced,ovr,10.0,0.1,2,0.44668587896253603,0.19952827446453336,0.44668587896253603,0.2758418774469844,0.5,0.3059502750348119
C=1 | class_weight=balanced | decision_function_shape=ovr | tol=10 | gamma=0.1,1.0,balanced,ovr,10.0,0.1,3,0.4462055715658021,0.19909941209636414,0.4462055715658021,0.27534040251386926,0.5,0.30541413940080153
C=1 | class_weight=balanced | decision_function_shape=ovr | tol=10 | gamma=0.1,1.0,balanced,ovr,10.0,0.1,4,0.44668587896253603,0.19952827446453336,0.44668587896253603,0.2758418774469844,0.5,0.30563191566521886
C=1 | class_weight=balanced | decision_function_shape=ovr | tol=10 | gamma=0.1,1.0,balanced,ovr,10.0,0.1,5,0.44690052859202306,0.19972008245582962,0.44690052859202306,0.2760660854138701,0.5,0.30584005166997996
C=1 | class_weight=balanced | decision_function_shape=ovr | tol=10 | gamma=1,1.0,balanced,ovr,10.0,1.0,1,0.44668587896253603,0.19952827446453336,0.44668587896253603,0.2758418774469844,0.5,0.30576018219383744
C=1 | class_weight=balanced | decision_function_shape=ovr | tol=10 | gamma=1,1.0,balanced,ovr,10.0,1.0,2,0.44668587896253603,0.19952827446453336,0.44668587896253603,0.2758418774469844,0.5,0.3059502750348119
C=1 | class_weight=balanced | decision_function_shape=ovr | tol=10 | gamma=1,1.0,balanced,ovr,10.0,1.0,3,0.4462055715658021,0.19909941209636414,0.4462055715658021,0.27534040251386926,0.5,0.30541413940080153
C=1 | class_weight=balanced | decision_function_shape=ovr | tol=10 | gamma=1,1.0,balanced,ovr,10.0,1.0,4,0.44668587896253603,0.19952827446453336,0.44668587896253603,0.2758418774469844,0.5,0.30563191566521886
C=1 | class_weight=balanced | decision_function_shape=ovr | tol=10 | gamma=1,1.0,balanced,ovr,10.0,1.0,5,0.44690052859202306,0.19972008245582962,0.44690052859202306,0.2760660854138701,0.5,0.30584005166997996
C=1 | class_weight=None | decision_function_shape=ovr | tol=0.1 | gamma=0.01,1.0,,ovr,0.1,0.01,1,0.5710854947166186,0.5924642884037056,0.5710854947166186,0.513419782499837,0.805350607658643,0.6331305500603633
C=1 | class_weight=None | decision_function_shape=ovr | tol=0.1 | gamma=0.01,1.0,,ovr,0.1,0.01,2,0.5686839577329491,0.5905046651254094,0.5686839577329491,0.5077424186184141,0.8155730135506106,0.6519598334490165
C=1 | class_weight=None | decision_function_shape=ovr | tol=0.1 | gamma=0.01,1.0,,ovr,0.1,0.01,3,0.5749279538904899,0.6004231165731944,0.5749279538904899,0.5126832763720371,0.8024344413052806,0.6332937585436612
C=1 | class_weight=None | decision_function_shape=ovr | tol=0.1 | gamma=0.01,1.0,,ovr,0.1,0.01,4,0.56388088376561,0.5827941375140607,0.56388088376561,0.5028684520488574,0.7943364941806204,0.6172652595214794
C=1 | class_weight=None | decision_function_shape=ovr | tol=0.1 | gamma=0.01,1.0,,ovr,0.1,0.01,5,0.5723209995194618,0.5891178744519525,0.5723209995194618,0.5088647326716834,0.8018160632864203,0.6265042131904252
C=1 | class_weight=None | decision_function_shape=ovr | tol=0.1 | gamma=0.1,1.0,,ovr,0.1,0.1,1,0.8155619596541787,0.8179784581755202,0.8155619596541787,0.8148889472529569,0.9557289369652671,0.8975072726637447
C=1 | class_weight=None | decision_function_shape=ovr | tol=0.1 | gamma=0.1,1.0,,ovr,0.1,0.1,2,0.8261287223823247,0.8289189519947826,0.8261287223823247,0.8260729663828088,0.9592854228170887,0.902744422706869
C=1 | class_weight=None | decision_function_shape=ovr | tol=0.1 | gamma=0.1,1.0,,ovr,0.1,0.1,3,0.829971181556196,0.8317236422235011,0.829971181556196,0.8288209821411725,0.9637226031257708,0.9102486881289572
C=1 | class_weight=None | decision_function_shape=ovr | tol=0.1 | gamma=0.1,1.0,,ovr,0.1,0.1,4,0.8208453410182517,0.8230899875055397,0.8208453410182517,0.8203711827744211,0.9583212814861184,0.9006733915072842
C=1 | class_weight=None | decision_function_shape=ovr | tol=0.1 | gamma=0.1,1.0,,ovr,0.1,0.1,5,0.8073041806823642,0.8127353730452876,0.8073041806823642,0.8076624155470488,0.9524853952628506,0.8857146114073955
C=1 | class_weight=None | decision_function_shape=ovr | tol=0.1 | gamma=1,1.0,,ovr,0.1,1.0,1,0.9024975984630164,0.9054009225492128,0.9024975984630164,0.9032714109031494,0.9857068350408525,0.9609467115646602
C=1 | class_weight=None | decision_function_shape=ovr | tol=0.1 | gamma=1,1.0,,ovr,0.1,1.0,2,0.9082612872238233,0.9114840802350761,0.9082612872238233,0.9087596114686525,0.9877749916978874,0.965565420049452
C=1 | class_weight=None | decision_function_shape=ovr | tol=0.1 | gamma=1,1.0,,ovr,0.1,1.0,3,0.9173871277617676,0.9184648372708926,0.9173871277617676,0.9176889931323444,0.9872478175231397,0.9648426661777549
C=1 | class_weight=None | decision_function_shape=ovr | tol=0.1 | gamma=1,1.0,,ovr,0.1,1.0,4,0.9125840537944284,0.913300677167085,0.9125840537944284,0.9127549375936662,0.9881021252805707,0.9663153144181793
C=1 | class_weight=None | decision_function_shape=ovr | tol=0.1 | gamma=1,1.0,,ovr,0.1,1.0,5,0.889476213358962,0.8923430056185927,0.889476213358962,0.8900163047634757,0.9834629366375605,0.9546328956141228
C=1 | class_weight=None | decision_function_shape=ovr | tol=1 | gamma=0.01,1.0,,ovr,1.0,0.01,1,0.5629202689721422,0.5786217607188019,0.5629202689721422,0.49642709795599105,0.7671449174454387,0.5862845989598318
C=1 | class_weight=None | decision_function_shape=ovr | tol=1 | gamma=0.01,1.0,,ovr,1.0,0.01,2,0.5667627281460135,0.585033528976486,0.5667627281460135,0.5004982838869251,0.7761437002365108,0.5982353811242607
C=1 | class_weight=None | decision_function_shape=ovr | tol=1 | gamma=0.01,1.0,,ovr,1.0,0.01,3,0.5662824207492796,0.5777825764147531,0.5662824207492796,0.5007145311047312,0.7604917222866231,0.5728060320340491
C=1 | class_weight=None | decision_function_shape=ovr | tol=1 | gamma=0.01,1.0,,ovr,1.0,0.01,4,0.5537944284341979,0.5583579522444256,0.5537944284341979,0.4824730258136884,0.7620110820657501,0.5614508733291391
C=1 | class_weight=None | decision_function_shape=ovr | tol=1 | gamma=0.01,1.0,,ovr,1.0,0.01,5,0.565112926477655,0.5685014404394385,0.565112926477655,0.5011731385019988,0.7737562613027634,0.5874713487062592
C=1 | class_weight=None | decision_function_shape=ovr | tol=1 | gamma=0.1,1.0,,ovr,1.0,0.1,1,0.8256484149855908,0.8245194569462709,0.8256484149855908,0.8236740213115229,0.9527980048541476,0.8910777906984592
C=1 | class_weight=None | decision_function_shape=ovr | tol=1 | gamma=0.1,1.0,,ovr,1.0,0.1,2,0.8270893371757925,0.8258618955015723,0.8270893371757925,0.8244762872765925,0.9549540856570444,0.8930744221158444
C=1 | class_weight=None | decision_function_shape=ovr | tol=1 | gamma=0.1,1.0,,ovr,1.0,0.1,3,0.835254562920269,0.8370109054888263,0.835254562920269,0.8340697009795098,0.9612646960397724,0.9034735597533617
C=1 | class_weight=None | decision_function_shape=ovr | tol=1 | gamma=0.1,1.0,,ovr,1.0,0.1,4,0.8141210374639769,0.8136457145711699,0.8141210374639769,0.8118010879170496,0.9496397521058343,0.8830239659481638
C=1 | class_weight=None | decision_function_shape=ovr | tol=1 | gamma=0.1,1.0,,ovr,1.0,0.1,5,0.8005766458433445,0.8108596636055725,0.8005766458433445,0.8015954733136504,0.9478595332978754,0.8744979055590522
C=1 | class_weight=None | decision_function_shape=ovr | tol=1 | gamma=1,1.0,,ovr,1.0,1.0,1,0.9024975984630164,0.9044378041379358,0.9024975984630164,0.9029203147722622,0.9820339498650492,0.9533965330870664
C=1 | class_weight=None | decision_function_shape=ovr | tol=1 | gamma=1,1.0,,ovr,1.0,1.0,2,0.9024975984630164,0.9067201750747298,0.9024975984630164,0.9032091300050876,0.9815493779685452,0.9496766565463751
C=1 | class_weight=None | decision_function_shape=ovr | tol=1 | gamma=1,1.0,,ovr,1.0,1.0,3,0.9106628242074928,0.9113871742359002,0.9106628242074928,0.9108256407253582,0.983306065728606,0.9550958685931005
C=1 | class_weight=None | decision_function_shape=ovr | tol=1 | gamma=1,1.0,,ovr,1.0,1.0,4,0.9073006724303554,0.9079741226764807,0.9073006724303554,0.9073454099606091,0.9815356996056366,0.9530558841761256
C=1 | class_weight=None | decision_function_shape=ovr | tol=1 | gamma=1,1.0,,ovr,1.0,1.0,5,0.8913983661701105,0.8931461347800755,0.8913983661701105,0.8916203837750756,0.9767126023559725,0.9384747222488242
C=1 | class_weight=None | decision_function_shape=ovr | tol=10 | gamma=0.01,1.0,,ovr,10.0,0.01,1,0.44668587896253603,0.19952827446453336,0.44668587896253603,0.2758418774469844,0.5,0.30576018219383744
C=1 | class_weight=None | decision_function_shape=ovr | tol=10 | gamma=0.01,1.0,,ovr,10.0,0.01,2,0.44668587896253603,0.19952827446453336,0.44668587896253603,0.2758418774469844,0.5,0.3059502750348119
C=1 | class_weight=None | decision_function_shape=ovr | tol=10 | gamma=0.01,1.0,,ovr,10.0,0.01,3,0.4462055715658021,0.19909941209636414,0.4462055715658021,0.27534040251386926,0.5,0.30541413940080153
C=1 | class_weight=None | decision_function_shape=ovr | tol=10 | gamma=0.01,1.0,,ovr,10.0,0.01,4,0.44668587896253603,0.19952827446453336,0.44668587896253603,0.2758418774469844,0.5,0.30563191566521886
C=1 | class_weight=None | decision_function_shape=ovr | tol=10 | gamma=0.01,1.0,,ovr,10.0,0.01,5,0.44690052859202306,0.19972008245582962,0.44690052859202306,0.2760660854138701,0.5,0.30584005166997996
C=1 | class_weight=None | decision_function_shape=ovr | tol=10 | gamma=0.1,1.0,,ovr,10.0,0.1,1,0.44668587896253603,0.19952827446453336,0.44668587896253603,0.2758418774469844,0.5,0.30576018219383744
C=1 | class_weight=None | decision_function_shape=ovr | tol=10 | gamma=0.1,1.0,,ovr,10.0,0.1,2,0.44668587896253603,0.19952827446453336,0.44668587896253603,0.2758418774469844,0.5,0.3059502750348119
C=1 | class_weight=None | decision_function_shape=ovr | tol=10 | gamma=0.1,1.0,,ovr,10.0,0.1,3,0.4462055715658021,0.19909941209636414,0.4462055715658021,0.27534040251386926,0.5,0.30541413940080153
C=1 | class_weight=None | decision_function_shape=ovr | tol=10 | gamma=0.1,1.0,,ovr,10.0,0.1,4,0.44668587896253603,0.19952827446453336,0.44668587896253603,0.2758418774469844,0.5,0.30563191566521886
C=1 | class_weight=None | decision_function_shape=ovr | tol=10 | gamma=0.1,1.0,,ovr,10.0,0.1,5,0.44690052859202306,0.19972008245582962,0.44690052859202306,0.2760660854138701,0.5,0.30584005166997996
C=1 | class_weight=None | decision_function_shape=ovr | tol=10 | gamma=1,1.0,,ovr,10.0,1.0,1,0.44668587896253603,0.19952827446453336,0.44668587896253603,0.2758418774469844,0.5,0.30576018219383744
C=1 | class_weight=None | decision_function_shape=ovr | tol=10 | gamma=1,1.0,,ovr,10.0,1.0,2,0.44668587896253603,0.19952827446453336,0.44668587896253603,0.2758418774469844,0.5,0.3059502750348119
C=1 | class_weight=None | decision_function_shape=ovr | tol=10 | gamma=1,1.0,,ovr,10.0,1.0,3,0.4462055715658021,0.19909941209636414,0.4462055715658021,0.27534040251386926,0.5,0.30541413940080153
C=1 | class_weight=None | decision_function_shape=ovr | tol=10 | gamma=1,1.0,,ovr,10.0,1.0,4,0.44668587896253603,0.19952827446453336,0.44668587896253603,0.2758418774469844,0.5,0.30563191566521886
C=1 | class_weight=None | decision_function_shape=ovr | tol=10 | gamma=1,1.0,,ovr,10.0,1.0,5,0.44690052859202306,0.19972008245582962,0.44690052859202306,0.2760660854138701,0.5,0.30584005166997996
C=10 | class_weight=balanced | decision_function_shape=ovr | tol=0.1 | gamma=0.01,10.0,balanced,ovr,0.1,0.01,1,0.6181556195965417,0.7147129062090585,0.6181556195965417,0.6174298789777697,0.8691305287373912,0.7414289881496776
C=10 | class_weight=balanced | decision_function_shape=ovr | tol=0.1 | gamma=0.01,10.0,balanced,ovr,0.1,0.01,2,0.6440922190201729,0.7501657248470472,0.6440922190201729,0.6432026079750516,0.885750239114389,0.7660188121249969
C=10 | class_weight=balanced | decision_function_shape=ovr | tol=0.1 | gamma=0.01,10.0,balanced,ovr,0.1,0.01,3,0.6402497598463016,0.7320228950314619,0.6402497598463016,0.6377389672815055,0.8820759980247016,0.7600749733022725
C=10 | class_weight=balanced | decision_function_shape=ovr | tol=0.1 | gamma=0.01,10.0,balanced,ovr,0.1,0.01,4,0.6397694524495677,0.7357174607727638,0.6397694524495677,0.6379750802350007,0.8714627107019405,0.7341721981665649
C=10 | class_weight=balanced | decision_function_shape=ovr | tol=0.1 | gamma=0.01,10.0,balanced,ovr,0.1,0.01,5,0.61268620855358,0.7078943983485728,0.61268620855358,0.609502559297065,0.86370001151337,0.7273861415630947
C=10 | class_weight=balanced | decision_function_shape=ovr | tol=0.1 | gamma=0.1,10.0,balanced,ovr,0.1,0.1,1,0.818924111431316,0.8485698916540629,0.818924111431316,0.8219444265192952,0.9694874118904299,0.9261397343956228
C=10 | class_weight=balanced | decision_function_shape=ovr | tol=0.1 | gamma=0.1,10.0,balanced,ovr,0.1,0.1,2,0.8222862632084534,0.849287220103638,0.8222862632084534,0.825853529887573,0.9704979116040985,0.9256976893343901
C=10 | class_weight=balanced | decision_function_shape=ovr | tol=0.1 | gamma=0.1,10.0,balanced,ovr,0.1,0.1,3,0.8280499519692603,0.8539711525633132,0.8280499519692603,0.830938921892445,0.9732947937950398,0.9313812987007034
C=10 | class_weight=balanced | decision_function_shape=ovr | tol=0.1 | gamma=0.1,10.0,balanced,ovr,0.1,0.1,4,0.8222862632084534,0.8574104977144492,0.8222862632084534,0.8256564844531245,0.9693829122481756,0.9234842327805801
C=10 | class_weight=balanced | decision_function_shape=ovr | tol=0.1 | gamma=0.1,10.0,balanced,ovr,0.1,0.1,5,0.814031715521384,0.8469941999537143,0.814031715521384,0.8174287870395526,0.9649814411655703,0.9124980579206352
C=10 | class_weight=balanced | decision_function_shape=ovr | tol=0.1 | gamma=1,10.0,balanced,ovr,0.1,1.0,1,0.9053794428434198,0.9136318059189088,0.9053794428434198,0.9070971680623782,0.987715308879565,0.9653799942059401
C=10 | class_weight=balanced | decision_function_shape=ovr | tol=0.1 | gamma=1,10.0,balanced,ovr,0.1,1.0,2,0.9053794428434198,0.9148232784229435,0.9053794428434198,0.9071121663679038,0.9884405659104798,0.9693683153931372
C=10 | class_weight=balanced | decision_function_shape=ovr | tol=0.1 | gamma=1,10.0,balanced,ovr,0.1,1.0,3,0.9121037463976945,0.9204080575848853,0.9121037463976945,0.9138271646713454,0.9874742321423725,0.9643586430134699
C=10 | class_weight=balanced | decision_function_shape=ovr | tol=0.1 | gamma=1,10.0,balanced,ovr,0.1,1.0,4,0.9101825168107589,0.9180692959041418,0.9101825168107589,0.9116433782536572,0.989258831403281,0.9711139915994423
C=10 | class_weight=balanced | decision_function_shape=ovr | tol=0.1 | gamma=1,10.0,balanced,ovr,0.1,1.0,5,0.9000480538202787,0.9080185805545025,0.9000480538202787,0.9018531274908798,0.9868929340195238,0.962137617990933
C=10 | class_weight=balanced | decision_function_shape=ovr | tol=1 | gamma=0.01,10.0,balanced,ovr,1.0,0.01,1,0.6027857829010567,0.7185097394286186,0.6027857829010567,0.599076859901842,0.871851110894814,0.7357376751130479
C=10 | class_weight=balanced | decision_function_shape=ovr | tol=1 | gamma=0.01,10.0,balanced,ovr,1.0,0.01,2,0.6234390009606148,0.7335470877601162,0.6234390009606148,0.6209987953562146,0.8795124060008623,0.7474574987531282
C=10 | class_weight=balanced | decision_function_shape=ovr | tol=1 | gamma=0.01,10.0,balanced,ovr,1.0,0.01,3,0.6373679154658982,0.7317217797905395,0.6373679154658982,0.6350397689051243,0.877465105597488,0.7415205665888578
C=10 | class_weight=balanced | decision_function_shape=ovr | tol=1 | gamma=0.01,10.0,balanced,ovr,1.0,0.01,4,0.6325648414985591,0.7247296416883009,0.6325648414985591,0.6299635810953722,0.8677518665746055,0.7265565837700177
C=10 | class_weight=balanced | decision_function_shape=ovr | tol=1 | gamma=0.01,10.0,balanced,ovr,1.0,0.01,5,0.5929841422393081,0.6919265898413961,0.5929841422393081,0.5860075650995441,0.861106112211572,0.721015582987524
C=10 | class_weight=balanced | decision_function_shape=ovr | tol=1 | gamma=0.1,10.0,balanced,ovr,1.0,0.1,1,0.8222862632084534,0.85318538302866,0.8222862632084534,0.8250159181418363,0.966556406583949,0.9185011358044475
C=10 | class_weight=balanced | decision_function_shape=ovr | tol=1 | gamma=0.1,10.0,balanced,ovr,1.0,0.1,2,0.8304514889529299,0.8544679221133641,0.8304514889529299,0.833806106842665,0.9704189308958528,0.9243527080180343
C=10 | class_weight=balanced | decision_function_shape=ovr | tol=1 | gamma=0.1,10.0,balanced,ovr,1.0,0.1,3,0.8261287223823247,0.8530410017035636,0.8261287223823247,0.8289486475792668,0.9709985655074003,0.927306075210424
C=10 | class_weight=balanced | decision_function_shape=ovr | tol=1 | gamma=0.1,10.0,balanced,ovr,1.0,0.1,4,0.8290105667627281,0.8602515258923263,0.8290105667627281,0.8321904790761252,0.9686776355033736,0.9223234678788602
C=10 | class_weight=balanced | decision_function_shape=ovr | tol=1 | gamma=0.1,10.0,balanced,ovr,1.0,0.1,5,0.8073041806823642,0.8431896710758301,0.8073041806823642,0.8109544130739382,0.9625351260517597,0.9078497725244355
C=10 | class_weight=balanced | decision_function_shape=ovr | tol=1 | gamma=1,10.0,balanced,ovr,1.0,1.0,1,0.9010566762728146,0.9095906664419047,0.9010566762728146,0.90280568570204,0.9867859896194748,0.9631776352261844
C=10 | class_weight=balanced | decision_function_shape=ovr | tol=1 | gamma=1,10.0,balanced,ovr,1.0,1.0,2,0.9034582132564841,0.9139345129002239,0.9034582132564841,0.9051669976144964,0.9860923520170151,0.9628119072700195
C=10 | class_weight=balanced | decision_function_shape=ovr | tol=1 | gamma=1,10.0,balanced,ovr,1.0,1.0,3,0.914505283381364,0.9213062212225441,0.914505283381364,0.9159492639335265,0.9856043258474827,0.9601504245489937
C=10 | class_weight=balanced | decision_function_shape=ovr | tol=1 | gamma=1,10.0,balanced,ovr,1.0,1.0,4,0.9058597502401537,0.9152324994931625,0.9058597502401537,0.9075815841609811,0.9879294213250484,0.9680116922311787
C=10 | class_weight=balanced | decision_function_shape=ovr | tol=1 | gamma=1,10.0,balanced,ovr,1.0,1.0,5,0.8966842864007689,0.9038683693234846,0.8966842864007689,0.8984550380735471,0.9851831842274781,0.9580957828643478
C=10 | class_weight=balanced | decision_function_shape=ovr | tol=10 | gamma=0.01,10.0,balanced,ovr,10.0,0.01,1,0.44668587896253603,0.19952827446453336,0.44668587896253603,0.2758418774469844,0.5,0.30576018219383744
C=10 | class_weight=balanced | decision_function_shape=ovr | tol=10 | gamma=0.01,10.0,balanced,ovr,10.0,0.01,2,0.44668587896253603,0.19952827446453336,0.44668587896253603,0.2758418774469844,0.5,0.3059502750348119
C=10 | class_weight=balanced | decision_function_shape=ovr | tol=10 | gamma=0.01,10.0,balanced,ovr,10.0,0.01,3,0.4462055715658021,0.19909941209636414,0.4462055715658021,0.27534040251386926,0.5,0.30541413940080153
C=10 | class_weight=balanced | decision_function_shape=ovr | tol=10 | gamma=0.01,10.0,balanced,ovr,10.0,0.01,4,0.44668587896253603,0.19952827446453336,0.44668587896253603,0.2758418774469844,0.5,0.30563191566521886
C=10 | class_weight=balanced | decision_function_shape=ovr | tol=10 | gamma=0.01,10.0,balanced,ovr,10.0,0.01,5,0.44690052859202306,0.19972008245582962,0.44690052859202306,0.2760660854138701,0.5,0.30584005166997996
C=10 | class_weight=balanced | decision_function_shape=ovr | tol=10 | gamma=0.1,10.0,balanced,ovr,10.0,0.1,1,0.44668587896253603,0.19952827446453336,0.44668587896253603,0.2758418774469844,0.5,0.30576018219383744
C=10 | class_weight=balanced | decision_function_shape=ovr | tol=10 | gamma=0.1,10.0,balanced,ovr,10.0,0.1,2,0.44668587896253603,0.19952827446453336,0.44668587896253603,0.2758418774469844,0.5,0.3059502750348119
C=10 | class_weight=balanced | decision_function_shape=ovr | tol=10 | gamma=0.1,10.0,balanced,ovr,10.0,0.1,3,0.4462055715658021,0.19909941209636414,0.4462055715658021,0.27534040251386926,0.5,0.30541413940080153
C=10 | class_weight=balanced | decision_function_shape=ovr | tol=10 | gamma=0.1,10.0,balanced,ovr,10.0,0.1,4,0.44668587896253603,0.19952827446453336,0.44668587896253603,0.2758418774469844,0.5,0.30563191566521886
C=10 | class_weight=balanced | decision_function_shape=ovr | tol=10 | gamma=0.1,10.0,balanced,ovr,10.0,0.1,5,0.44690052859202306,0.19972008245582962,0.44690052859202306,0.2760660854138701,0.5,0.30584005166997996
C=10 | class_weight=balanced | decision_function_shape=ovr | tol=10 | gamma=1,10.0,balanced,ovr,10.0,1.0,1,0.44668587896253603,0.19952827446453336,0.44668587896253603,0.2758418774469844,0.5,0.30576018219383744
C=10 | class_weight=balanced | decision_function_shape=ovr | tol=10 | gamma=1,10.0,balanced,ovr,10.0,1.0,2,0.44668587896253603,0.19952827446453336,0.44668587896253603,0.2758418774469844,0.5,0.3059502750348119
C=10 | class_weight=balanced | decision_function_shape=ovr | tol=10 | gamma=1,10.0,balanced,ovr,10.0,1.0,3,0.4462055715658021,0.19909941209636414,0.4462055715658021,0.27534040251386926,0.5,0.30541413940080153
C=10 | class_weight=balanced | decision_function_shape=ovr | tol=10 | gamma=1,10.0,balanced,ovr,10.0,1.0,4,0.44668587896253603,0.19952827446453336,0.44668587896253603,0.2758418774469844,0.5,0.30563191566521886
C=10 | class_weight=balanced | decision_function_shape=ovr | tol=10 | gamma=1,10.0,balanced,ovr,10.0,1.0,5,0.44690052859202306,0.19972008245582962,0.44690052859202306,0.2760660854138701,0.5,0.30584005166997996
C=10 | class_weight=None | decision_function_shape=ovr | tol=0.1 | gamma=0.01,10.0,,ovr,0.1,0.01,1,0.6757925072046109,0.6828683144284831,0.6757925072046109,0.6622970425383496,0.8723837938590969,0.7490227542029079
C=10 | class_weight=None | decision_function_shape=ovr | tol=0.1 | gamma=0.01,10.0,,ovr,0.1,0.01,2,0.6777137367915466,0.678675346513852,0.6777137367915466,0.6636564903018446,0.8785501125297499,0.7565471907529141
C=10 | class_weight=None | decision_function_shape=ovr | tol=0.1 | gamma=0.01,10.0,,ovr,0.1,0.01,3,0.6834774255523535,0.6905656642526885,0.6834774255523535,0.669503390393625,0.8802378912400793,0.7616332875175772
C=10 | class_weight=None | decision_function_shape=ovr | tol=0.1 | gamma=0.01,10.0,,ovr,0.1,0.01,4,0.6724303554274735,0.6753508362949495,0.6724303554274735,0.6567978536601357,0.8698006585732614,0.7385799586409441
C=10 | class_weight=None | decision_function_shape=ovr | tol=0.1 | gamma=0.01,10.0,,ovr,0.1,0.01,5,0.6727534839019702,0.6792446753983673,0.6727534839019702,0.6598525370163418,0.8668072067169242,0.7354296406748211
C=10 | class_weight=None | decision_function_shape=ovr | tol=0.1 | gamma=0.1,10.0,,ovr,0.1,0.1,1,0.8515850144092219,0.8531246982241897,0.8515850144092219,0.8516325238382646,0.9713147077626152,0.9315981925372533
C=10 | class_weight=None | decision_function_shape=ovr | tol=0.1 | gamma=0.1,10.0,,ovr,0.1,0.1,2,0.8568683957732949,0.8594190749734514,0.8568683957732949,0.8570544222261657,0.9750481187915198,0.9372032315291287
C=10 | class_weight=None | decision_function_shape=ovr | tol=0.1 | gamma=0.1,10.0,,ovr,0.1,0.1,3,0.8559077809798271,0.8571314905103443,0.8559077809798271,0.8558461729652518,0.9763750914255291,0.9398775614479739
C=10 | class_weight=None | decision_function_shape=ovr | tol=0.1 | gamma=0.1,10.0,,ovr,0.1,0.1,4,0.8482228626320846,0.849410961181782,0.8482228626320846,0.84858108554834,0.9727230785019438,0.9331362846908114
C=10 | class_weight=None | decision_function_shape=ovr | tol=0.1 | gamma=0.1,10.0,,ovr,0.1,0.1,5,0.8351753964440173,0.8382518127674631,0.8351753964440173,0.8359650062325364,0.9685012418106654,0.9221089557223006
C=10 | class_weight=None | decision_function_shape=ovr | tol=0.1 | gamma=1,10.0,,ovr,0.1,1.0,1,0.9111431316042267,0.9127044521466289,0.9111431316042267,0.9117071006276044,0.9875432960731011,0.9657941504454621
C=10 | class_weight=None | decision_function_shape=ovr | tol=0.1 | gamma=1,10.0,,ovr,0.1,1.0,2,0.9188280499519692,0.9202789560982525,0.9188280499519692,0.9191232459957854,0.9890680660669003,0.9702779115675405
C=10 | class_weight=None | decision_function_shape=ovr | tol=0.1 | gamma=1,10.0,,ovr,0.1,1.0,3,0.9269932756964457,0.927884775227172,0.9269932756964457,0.9273134674788492,0.9875915281517178,0.9666239573476056
C=10 | class_weight=None | decision_function_shape=ovr | tol=0.1 | gamma=1,10.0,,ovr,0.1,1.0,4,0.9173871277617676,0.9179714469827444,0.9173871277617676,0.9175724495718154,0.989452484162459,0.9713341376882543
C=10 | class_weight=None | decision_function_shape=ovr | tol=0.1 | gamma=1,10.0,,ovr,0.1,1.0,5,0.9034118212397886,0.9043353063545608,0.9034118212397886,0.9036841014090021,0.9854436533961207,0.9610356631826803
C=10 | class_weight=None | decision_function_shape=ovr | tol=1 | gamma=0.01,10.0,,ovr,1.0,0.01,1,0.6604226705091258,0.6712037995572775,0.6604226705091258,0.6419823358269221,0.851554936101062,0.7115126068228756
C=10 | class_weight=None | decision_function_shape=ovr | tol=1 | gamma=0.01,10.0,,ovr,1.0,0.01,2,0.6556195965417867,0.6575579646043078,0.6556195965417867,0.6378061544357154,0.8642026900112477,0.7236214248559301
C=10 | class_weight=None | decision_function_shape=ovr | tol=1 | gamma=0.01,10.0,,ovr,1.0,0.01,3,0.6642651296829971,0.6719284728176027,0.6642651296829971,0.6462563904596955,0.8618252376483286,0.7208274888859241
C=10 | class_weight=None | decision_function_shape=ovr | tol=1 | gamma=0.01,10.0,,ovr,1.0,0.01,4,0.6618635926993276,0.6690883120632996,0.6618635926993276,0.6430173518920059,0.85152395117703,0.7004050848599487
C=10 | class_weight=None | decision_function_shape=ovr | tol=1 | gamma=0.01,10.0,,ovr,1.0,0.01,5,0.6665064872657376,0.675815444825144,0.6665064872657376,0.6515703982341559,0.8524182321526805,0.7063806196188763
C=10 | class_weight=None | decision_function_shape=ovr | tol=1 | gamma=0.1,10.0,,ovr,1.0,0.1,1,0.8515850144092219,0.8517957188927702,0.8515850144092219,0.8509605781941083,0.9703784983128062,0.9296551845910883
C=10 | class_weight=None | decision_function_shape=ovr | tol=1 | gamma=0.1,10.0,,ovr,1.0,0.1,2,0.8530259365994236,0.8547642656893739,0.8530259365994236,0.8531098925236198,0.9736105759614981,0.9338404882787913
C=10 | class_weight=None | decision_function_shape=ovr | tol=1 | gamma=0.1,10.0,,ovr,1.0,0.1,3,0.851104707012488,0.8518737617476194,0.851104707012488,0.8505674114442129,0.9742282187480803,0.934442358117922
C=10 | class_weight=None | decision_function_shape=ovr | tol=1 | gamma=0.1,10.0,,ovr,1.0,0.1,4,0.8491834774255523,0.8506244272177629,0.8491834774255523,0.8496234641288726,0.972320649995132,0.9315970446863335
C=10 | class_weight=None | decision_function_shape=ovr | tol=1 | gamma=0.1,10.0,,ovr,1.0,0.1,5,0.8308505526189333,0.8312146358988095,0.8308505526189333,0.8306576349139672,0.9663452624522719,0.9174832612618374
C=10 | class_weight=None | decision_function_shape=ovr | tol=1 | gamma=1,10.0,,ovr,1.0,1.0,1,0.9121037463976945,0.9137510058729398,0.9121037463976945,0.9126990304117406,0.9864140401207055,0.9647767210778374
C=10 | class_weight=None | decision_function_shape=ovr | tol=1 | gamma=1,10.0,,ovr,1.0,1.0,2,0.9154658981748319,0.9170521342827445,0.9154658981748319,0.915822181468485,0.9876644285520192,0.9675193778188533
C=10 | class_weight=None | decision_function_shape=ovr | tol=1 | gamma=1,10.0,,ovr,1.0,1.0,3,0.9241114313160422,0.924680229646441,0.9241114313160422,0.9243297802075608,0.9866852226441123,0.9654384829446965
C=10 | class_weight=None | decision_function_shape=ovr | tol=1 | gamma=1,10.0,,ovr,1.0,1.0,4,0.9149855907780979,0.91556141318777,0.9149855907780979,0.9151418858078524,0.9863868944941409,0.9650759740571279
C=10 | class_weight=None | decision_function_shape=ovr | tol=1 | gamma=1,10.0,,ovr,1.0,1.0,5,0.9005285920230658,0.9011307975854128,0.9005285920230658,0.9006446655059107,0.982645246578737,0.9544747894629761
C=10 | class_weight=None | decision_function_shape=ovr | tol=10 | gamma=0.01,10.0,,ovr,10.0,0.01,1,0.44668587896253603,0.19952827446453336,0.44668587896253603,0.2758418774469844,0.5,0.30576018219383744
C=10 | class_weight=None | decision_function_shape=ovr | tol=10 | gamma=0.01,10.0,,ovr,10.0,0.01,2,0.44668587896253603,0.19952827446453336,0.44668587896253603,0.2758418774469844,0.5,0.3059502750348119
C=10 | class_weight=None | decision_function_shape=ovr | tol=10 | gamma=0.01,10.0,,ovr,10.0,0.01,3,0.4462055715658021,0.19909941209636414,0.4462055715658021,0.27534040251386926,0.5,0.30541413940080153
C=10 | class_weight=None | decision_function_shape=ovr | tol=10 | gamma=0.01,10.0,,ovr,10.0,0.01,4,0.44668587896253603,0.19952827446453336,0.44668587896253603,0.2758418774469844,0.5,0.30563191566521886
C=10 | class_weight=None | decision_function_shape=ovr | tol=10 | gamma=0.01,10.0,,ovr,10.0,0.01,5,0.44690052859202306,0.19972008245582962,0.44690052859202306,0.2760660854138701,0.5,0.30584005166997996
C=10 | class_weight=None | decision_function_shape=ovr | tol=10 | gamma=0.1,10.0,,ovr,10.0,0.1,1,0.44668587896253603,0.19952827446453336,0.44668587896253603,0.2758418774469844,0.5,0.30576018219383744
C=10 | class_weight=None | decision_function_shape=ovr | tol=10 | gamma=0.1,10.0,,ovr,10.0,0.1,2,0.44668587896253603,0.19952827446453336,0.44668587896253603,0.2758418774469844,0.5,0.3059502750348119
C=10 | class_weight=None | decision_function_shape=ovr | tol=10 | gamma=0.1,10.0,,ovr,10.0,0.1,3,0.4462055715658021,0.19909941209636414,0.4462055715658021,0.27534040251386926,0.5,0.30541413940080153
C=10 | class_weight=None | decision_function_shape=ovr | tol=10 | gamma=0.1,10.0,,ovr,10.0,0.1,4,0.44668587896253603,0.19952827446453336,0.44668587896253603,0.2758418774469844,0.5,0.30563191566521886
C=10 | class_weight=None | decision_function_shape=ovr | tol=10 | gamma=0.1,10.0,,ovr,10.0,0.1,5,0.44690052859202306,0.19972008245582962,0.44690052859202306,0.2760660854138701,0.5,0.30584005166997996
C=10 | class_weight=None | decision_function_shape=ovr | tol=10 | gamma=1,10.0,,ovr,10.0,1.0,1,0.44668587896253603,0.19952827446453336,0.44668587896253603,0.2758418774469844,0.5,0.30576018219383744
C=10 | class_weight=None | decision_function_shape=ovr | tol=10 | gamma=1,10.0,,ovr,10.0,1.0,2,0.44668587896253603,0.19952827446453336,0.44668587896253603,0.2758418774469844,0.5,0.3059502750348119
C=10 | class_weight=None | decision_function_shape=ovr | tol=10 | gamma=1,10.0,,ovr,10.0,1.0,3,0.4462055715658021,0.19909941209636414,0.4462055715658021,0.27534040251386926,0.5,0.30541413940080153
C=10 | class_weight=None | decision_function_shape=ovr | tol=10 | gamma=1,10.0,,ovr,10.0,1.0,4,0.44668587896253603,0.19952827446453336,0.44668587896253603,0.2758418774469844,0.5,0.30563191566521886
C=10 | class_weight=None | decision_function_shape=ovr | tol=10 | gamma=1,10.0,,ovr,10.0,1.0,5,0.44690052859202306,0.19972008245582962,0.44690052859202306,0.2760660854138701,0.5,0.30584005166997996
