tag,C,class_weight,decision_function_shape,tol,fold,accuracy,precision,recall,F1,auroc,prauc
C=0.1 | class_weight=balanced | decision_function_shape=ovr | tol=0.1,0.1,balanced,ovr,0.1,1,0.35782901056676275,0.4867764140495346,0.35782901056676275,0.33679565184601423,0.6808369272678522,0.4543676726007687
C=0.1 | class_weight=balanced | decision_function_shape=ovr | tol=0.1,0.1,balanced,ovr,0.1,2,0.3659942363112392,0.5378476493739687,0.3659942363112392,0.3505966518902023,0.6909836283417725,0.4736532834533403
C=0.1 | class_weight=balanced | decision_function_shape=ovr | tol=0.1,0.1,balanced,ovr,0.1,3,0.37079731027857826,0.5324595988120762,0.37079731027857826,0.3571154165887164,0.6683547043945002,0.4485944445583917
C=0.1 | class_weight=balanced | decision_function_shape=ovr | tol=0.1,0.1,balanced,ovr,0.1,4,0.36983669548511044,0.5071537506070195,0.36983669548511044,0.34817836770689464,0.6809611846982957,0.46013460873734696
C=0.1 | class_weight=balanced | decision_function_shape=ovr | tol=0.1,0.1,balanced,ovr,0.1,5,0.35752042287361846,0.49631476796663154,0.35752042287361846,0.3309284238314737,0.6698428518313988,0.4472015407987976
C=0.1 | class_weight=balanced | decision_function_shape=ovr | tol=1,0.1,balanced,ovr,1.0,1,0.35110470701248797,0.5074430939209066,0.35110470701248797,0.32847516567959434,0.6832193039981557,0.45539693212498583
C=0.1 | class_weight=balanced | decision_function_shape=ovr | tol=1,0.1,balanced,ovr,1.0,2,0.3659942363112392,0.5815266788087264,0.3659942363112392,0.3373326836505842,0.6933586461215715,0.4736196168408363
C=0.1 | class_weight=balanced | decision_function_shape=ovr | tol=1,0.1,balanced,ovr,1.0,3,0.3366954851104707,0.48098075986328254,0.3366954851104707,0.32740152194071265,0.6715750526157133,0.44852867505532035
C=0.1 | class_weight=balanced | decision_function_shape=ovr | tol=1,0.1,balanced,ovr,1.0,4,0.37079731027857826,0.5089277811039706,0.37079731027857826,0.3551978815287312,0.6906283713915663,0.4585282403740458
C=0.1 | class_weight=balanced | decision_function_shape=ovr | tol=1,0.1,balanced,ovr,1.0,5,0.3623258049014897,0.5235883241403402,0.3623258049014897,0.3384367226075667,0.674950550954125,0.44893403354329714
C=0.1 | class_weight=balanced | decision_function_shape=ovr | tol=10,0.1,balanced,ovr,10.0,1,0.44668587896253603,0.19952827446453336,0.44668587896253603,0.2758418774469844,0.5,0.30576018219383744
C=0.1 | class_weight=balanced | decision_function_shape=ovr | tol=10,0.1,balanced,ovr,10.0,2,0.44668587896253603,0.19952827446453336,0.44668587896253603,0.2758418774469844,0.5,0.3059502750348119
C=0.1 | class_weight=balanced | decision_function_shape=ovr | tol=10,0.1,balanced,ovr,10.0,3,0.4462055715658021,0.19909941209636414,0.4462055715658021,0.27534040251386926,0.5,0.30541413940080153
C=0.1 | class_weight=balanced | decision_function_shape=ovr | tol=10,0.1,balanced,ovr,10.0,4,0.44668587896253603,0.19952827446453336,0.44668587896253603,0.2758418774469844,0.5,0.30563191566521886
C=0.1 | class_weight=balanced | decision_function_shape=ovr | tol=10,0.1,balanced,ovr,10.0,5,0.44690052859202306,0.19972008245582962,0.44690052859202306,0.2760660854138701,0.5,0.30584005166997996
C=0.1 | class_weight=balanced | decision_function_shape=ovo | tol=0.1,0.1,balanced,ovo,0.1,1,0.35782901056676275,0.4867764140495346,0.35782901056676275,0.33679565184601423,0.7244572151137619,0.45422584321275783
C=0.1 | class_weight=balanced | decision_function_shape=ovo | tol=0.1,0.1,balanced,ovo,0.1,2,0.3659942363112392,0.5378476493739687,0.3659942363112392,0.3505966518902023,0.7326480230251122,0.47381011799928396
C=0.1 | class_weight=balanced | decision_function_shape=ovo | tol=0.1,0.1,balanced,ovo,0.1,3,0.37079731027857826,0.5324595988120762,0.37079731027857826,0.3571154165887164,0.7163195425928153,0.4486456711760071
C=0.1 | class_weight=balanced | decision_function_shape=ovo | tol=0.1,0.1,balanced,ovo,0.1,4,0.36983669548511044,0.5071537506070195,0.36983669548511044,0.34817836770689464,0.7280946034365074,0.4602705017630943
C=0.1 | class_weight=balanced | decision_function_shape=ovo | tol=0.1,0.1,balanced,ovo,0.1,5,0.35752042287361846,0.49631476796663154,0.35752042287361846,0.3309284238314737,0.7184861197439179,0.44716797045616846
C=0.1 | class_weight=balanced | decision_function_shape=ovo | tol=1,0.1,balanced,ovo,1.0,1,0.35110470701248797,0.5074430939209066,0.35110470701248797,0.32847516567959434,0.7278618322857435,0.45646105234619117
C=0.1 | class_weight=balanced | decision_function_shape=ovo | tol=1,0.1,balanced,ovo,1.0,2,0.3659942363112392,0.5815266788087264,0.3659942363112392,0.3373326836505842,0.7361187705904824,0.47353927833967246
C=0.1 | class_weight=balanced | decision_function_shape=ovo | tol=1,0.1,balanced,ovo,1.0,3,0.3366954851104707,0.48098075986328254,0.3366954851104707,0.32740152194071265,0.7205642140108963,0.4476046088786381
C=0.1 | class_weight=balanced | decision_function_shape=ovo | tol=1,0.1,balanced,ovo,1.0,4,0.37079731027857826,0.5089277811039706,0.37079731027857826,0.3551978815287312,0.735287532779494,0.4578448940995397
C=0.1 | class_weight=balanced | decision_function_shape=ovo | tol=1,0.1,balanced,ovo,1.0,5,0.3623258049014897,0.5235883241403402,0.3623258049014897,0.3384367226075667,0.7236711087836225,0.44876620148882174
C=0.1 | class_weight=balanced | decision_function_shape=ovo | tol=10,0.1,balanced,ovo,10.0,1,0.44668587896253603,0.19952827446453336,0.44668587896253603,0.2758418774469844,0.5,0.30576018219383744
C=0.1 | class_weight=balanced | decision_function_shape=ovo | tol=10,0.1,balanced,ovo,10.0,2,0.44668587896253603,0.19952827446453336,0.44668587896253603,0.2758418774469844,0.5,0.3059502750348119
C=0.1 | class_weight=balanced | decision_function_shape=ovo | tol=10,0.1,balanced,ovo,10.0,3,0.4462055715658021,0.19909941209636414,0.4462055715658021,0.27534040251386926,0.5,0.30541413940080153
C=0.1 | class_weight=balanced | decision_function_shape=ovo | tol=10,0.1,balanced,ovo,10.0,4,0.44668587896253603,0.19952827446453336,0.44668587896253603,0.2758418774469844,0.5,0.30563191566521886
C=0.1 | class_weight=balanced | decision_function_shape=ovo | tol=10,0.1,balanced,ovo,10.0,5,0.44690052859202306,0.19972008245582962,0.44690052859202306,0.2760660854138701,0.5,0.30584005166997996
C=0.1 | class_weight=None | decision_function_shape=ovr | tol=0.1,0.1,,ovr,0.1,1,0.45244956772334294,0.2924609933269563,0.45244956772334294,0.3380512394153443,0.6863357320768296,0.46252414504108874
C=0.1 | class_weight=None | decision_function_shape=ovr | tol=0.1,0.1,,ovr,0.1,2,0.45004803073967337,0.2852688959032029,0.45004803073967337,0.33281699240622603,0.6842604372622062,0.42946429766820887
C=0.1 | class_weight=None | decision_function_shape=ovr | tol=0.1,0.1,,ovr,0.1,3,0.4452449567723343,0.27990523782551296,0.4452449567723343,0.3286434257131613,0.6765998544523745,0.4409038825644797
C=0.1 | class_weight=None | decision_function_shape=ovr | tol=0.1,0.1,,ovr,0.1,4,0.4510086455331412,0.2885751409665956,0.4510086455331412,0.33238851210028375,0.6881270414486187,0.44463196230886076
C=0.1 | class_weight=None | decision_function_shape=ovr | tol=0.1,0.1,,ovr,0.1,5,0.4430562229697261,0.2811623866481406,0.4430562229697261,0.3281835232381815,0.6409174829149004,0.3879664339901734
C=0.1 | class_weight=None | decision_function_shape=ovr | tol=1,0.1,,ovr,1.0,1,0.45244956772334294,0.2924609933269563,0.45244956772334294,0.3380512394153443,0.7002204201994705,0.47684136108491426
C=0.1 | class_weight=None | decision_function_shape=ovr | tol=1,0.1,,ovr,1.0,2,0.45004803073967337,0.28511183327542394,0.45004803073967337,0.33283985190406373,0.6813777280532387,0.46288845892567526
C=0.1 | class_weight=None | decision_function_shape=ovr | tol=1,0.1,,ovr,1.0,3,0.44668587896253603,0.28078994681691677,0.44668587896253603,0.32960017440522177,0.6692321995414645,0.44784932148782336
C=0.1 | class_weight=None | decision_function_shape=ovr | tol=1,0.1,,ovr,1.0,4,0.4620557156580211,0.3004004613278687,0.4620557156580211,0.33941146794380056,0.6024250343433534,0.35449644009671344
C=0.1 | class_weight=None | decision_function_shape=ovr | tol=1,0.1,,ovr,1.0,5,0.4435367611725132,0.2817216512728547,0.4435367611725132,0.32846799223228956,0.646923555840652,0.40905048473950995
C=0.1 | class_weight=None | decision_function_shape=ovr | tol=10,0.1,,ovr,10.0,1,0.44668587896253603,0.19952827446453336,0.44668587896253603,0.2758418774469844,0.5,0.30576018219383744
C=0.1 | class_weight=None | decision_function_shape=ovr | tol=10,0.1,,ovr,10.0,2,0.44668587896253603,0.19952827446453336,0.44668587896253603,0.2758418774469844,0.5,0.3059502750348119
C=0.1 | class_weight=None | decision_function_shape=ovr | tol=10,0.1,,ovr,10.0,3,0.4462055715658021,0.19909941209636414,0.4462055715658021,0.27534040251386926,0.5,0.30541413940080153
C=0.1 | class_weight=None | decision_function_shape=ovr | tol=10,0.1,,ovr,10.0,4,0.44668587896253603,0.19952827446453336,0.44668587896253603,0.2758418774469844,0.5,0.30563191566521886
C=0.1 | class_weight=None | decision_function_shape=ovr | tol=10,0.1,,ovr,10.0,5,0.44690052859202306,0.19972008245582962,0.44690052859202306,0.2760660854138701,0.5,0.30584005166997996
C=0.1 | class_weight=None | decision_function_shape=ovo | tol=0.1,0.1,,ovo,0.1,1,0.45244956772334294,0.2924609933269563,0.45244956772334294,0.3380512394153443,0.7229778280714428,0.46327457708598724
C=0.1 | class_weight=None | decision_function_shape=ovo | tol=0.1,0.1,,ovo,0.1,2,0.45004803073967337,0.2852688959032029,0.45004803073967337,0.33281699240622603,0.718377915073851,0.4411427413312145
C=0.1 | class_weight=None | decision_function_shape=ovo | tol=0.1,0.1,,ovo,0.1,3,0.4452449567723343,0.27990523782551296,0.4452449567723343,0.3286434257131613,0.7185084062395928,0.4419360915008915
C=0.1 | class_weight=None | decision_function_shape=ovo | tol=0.1,0.1,,ovo,0.1,4,0.4510086455331412,0.2885751409665956,0.4510086455331412,0.33238851210028375,0.7376269418076259,0.4531210677321837
C=0.1 | class_weight=None | decision_function_shape=ovo | tol=0.1,0.1,,ovo,0.1,5,0.4430562229697261,0.2811623866481406,0.4430562229697261,0.3281835232381815,0.6809321404040325,0.38286231605140175
C=0.1 | class_weight=None | decision_function_shape=ovo | tol=1,0.1,,ovo,1.0,1,0.45244956772334294,0.2924609933269563,0.45244956772334294,0.3380512394153443,0.7326103953394775,0.48266090460250793
C=0.1 | class_weight=None | decision_function_shape=ovo | tol=1,0.1,,ovo,1.0,2,0.45004803073967337,0.28511183327542394,0.45004803073967337,0.33283985190406373,0.7154897445488044,0.46003339035641505
C=0.1 | class_weight=None | decision_function_shape=ovo | tol=1,0.1,,ovo,1.0,3,0.44668587896253603,0.28078994681691677,0.44668587896253603,0.32960017440522177,0.7133597764358683,0.44061161230234297
C=0.1 | class_weight=None | decision_function_shape=ovo | tol=1,0.1,,ovo,1.0,4,0.4620557156580211,0.3004004613278687,0.4620557156580211,0.33941146794380056,0.6634145380232878,0.36487422787404616
C=0.1 | class_weight=None | decision_function_shape=ovo | tol=1,0.1,,ovo,1.0,5,0.4435367611725132,0.2817216512728547,0.4435367611725132,0.32846799223228956,0.6989528224484292,0.41817907618537087
C=0.1 | class_weight=None | decision_function_shape=ovo | tol=10,0.1,,ovo,10.0,1,0.44668587896253603,0.19952827446453336,0.44668587896253603,0.2758418774469844,0.5,0.30576018219383744
C=0.1 | class_weight=None | decision_function_shape=ovo | tol=10,0.1,,ovo,10.0,2,0.44668587896253603,0.19952827446453336,0.44668587896253603,0.2758418774469844,0.5,0.3059502750348119
C=0.1 | class_weight=None | decision_function_shape=ovo | tol=10,0.1,,ovo,10.0,3,0.4462055715658021,0.19909941209636414,0.4462055715658021,0.27534040251386926,0.5,0.30541413940080153
C=0.1 | class_weight=None | decision_function_shape=ovo | tol=10,0.1,,ovo,10.0,4,0.44668587896253603,0.19952827446453336,0.44668587896253603,0.2758418774469844,0.5,0.30563191566521886
C=0.1 | class_weight=None | decision_function_shape=ovo | tol=10,0.1,,ovo,10.0,5,0.44690052859202306,0.19972008245582962,0.44690052859202306,0.2760660854138701,0.5,0.30584005166997996
C=1 | class_weight=balanced | decision_function_shape=ovr | tol=0.1,1.0,balanced,ovr,0.1,1,0.3573487031700288,0.4882323464710693,0.3573487031700288,0.33593320302824525,0.6806297669529493,0.4547343472426885
C=1 | class_weight=balanced | decision_function_shape=ovr | tol=0.1,1.0,balanced,ovr,0.1,2,0.3655139289145053,0.5398058210845971,0.3655139289145053,0.3502177356765633,0.6922074231376582,0.47548872026916844
C=1 | class_weight=balanced | decision_function_shape=ovr | tol=0.1,1.0,balanced,ovr,0.1,3,0.3645533141210375,0.5259228603594238,0.3645533141210375,0.35018924993728,0.6692863052232582,0.4496535888105753
C=1 | class_weight=balanced | decision_function_shape=ovr | tol=0.1,1.0,balanced,ovr,0.1,4,0.3688760806916426,0.5075353516649831,0.3688760806916426,0.3454224696434869,0.6819846927828537,0.46057356468997357
C=1 | class_weight=balanced | decision_function_shape=ovr | tol=0.1,1.0,balanced,ovr,0.1,5,0.3584814992791927,0.4962673201668464,0.3584814992791927,0.3318164324061238,0.670655614178141,0.4475690920615917
C=1 | class_weight=balanced | decision_function_shape=ovr | tol=1,1.0,balanced,ovr,1.0,1,0.35830931796349663,0.484975012612931,0.35830931796349663,0.3419473421128829,0.6811440456493123,0.46003155997082534
C=1 | class_weight=balanced | decision_function_shape=ovr | tol=1,1.0,balanced,ovr,1.0,2,0.3703170028818444,0.5425918692386994,0.3703170028818444,0.34875694337154256,0.6996288276086949,0.48674827655348407
C=1 | class_weight=balanced | decision_function_shape=ovr | tol=1,1.0,balanced,ovr,1.0,3,0.35110470701248797,0.49548239379659975,0.35110470701248797,0.33499030823500603,0.6718223728641567,0.44809414978888135
C=1 | class_weight=balanced | decision_function_shape=ovr | tol=1,1.0,balanced,ovr,1.0,4,0.36263208453410184,0.4965028666270282,0.36263208453410184,0.33160066021786466,0.6875194720364687,0.45888603505052084
C=1 | class_weight=balanced | decision_function_shape=ovr | tol=1,1.0,balanced,ovr,1.0,5,0.3623258049014897,0.4900231288759391,0.3623258049014897,0.33613819800574896,0.6729688243950284,0.4485142237199744
C=1 | class_weight=balanced | decision_function_shape=ovr | tol=10,1.0,balanced,ovr,10.0,1,0.44668587896253603,0.19952827446453336,0.44668587896253603,0.2758418774469844,0.5,0.30576018219383744
C=1 | class_weight=balanced | decision_function_shape=ovr | tol=10,1.0,balanced,ovr,10.0,2,0.44668587896253603,0.19952827446453336,0.44668587896253603,0.2758418774469844,0.5,0.3059502750348119
C=1 | class_weight=balanced | decision_function_shape=ovr | tol=10,1.0,balanced,ovr,10.0,3,0.4462055715658021,0.19909941209636414,0.4462055715658021,0.27534040251386926,0.5,0.30541413940080153
C=1 | class_weight=balanced | decision_function_shape=ovr | tol=10,1.0,balanced,ovr,10.0,4,0.44668587896253603,0.19952827446453336,0.44668587896253603,0.2758418774469844,0.5,0.30563191566521886
C=1 | class_weight=balanced | decision_function_shape=ovr | tol=10,1.0,balanced,ovr,10.0,5,0.44690052859202306,0.19972008245582962,0.44690052859202306,0.2760660854138701,0.5,0.30584005166997996
C=1 | class_weight=balanced | decision_function_shape=ovo | tol=0.1,1.0,balanced,ovo,0.1,1,0.3573487031700288,0.4882323464710693,0.3573487031700288,0.33593320302824525,0.7243473178621997,0.45489854391629536
C=1 | class_weight=balanced | decision_function_shape=ovo | tol=0.1,1.0,balanced,ovo,0.1,2,0.3655139289145053,0.5398058210845971,0.3655139289145053,0.3502177356765633,0.7337946115850149,0.4752068969855653
C=1 | class_weight=balanced | decision_function_shape=ovo | tol=0.1,1.0,balanced,ovo,0.1,3,0.3645533141210375,0.5259228603594238,0.3645533141210375,0.35018924993728,0.7168858555654971,0.4495575290034388
C=1 | class_weight=balanced | decision_function_shape=ovo | tol=0.1,1.0,balanced,ovo,0.1,4,0.3688760806916426,0.5075353516649831,0.3688760806916426,0.3454224696434869,0.7282735270953988,0.4605944742744894
C=1 | class_weight=balanced | decision_function_shape=ovo | tol=0.1,1.0,balanced,ovo,0.1,5,0.3584814992791927,0.4962673201668464,0.3584814992791927,0.3318164324061238,0.7187366003814901,0.44743300423375015
C=1 | class_weight=balanced | decision_function_shape=ovo | tol=1,1.0,balanced,ovo,1.0,1,0.35830931796349663,0.484975012612931,0.35830931796349663,0.3419473421128829,0.7251158106560125,0.4609782735142417
C=1 | class_weight=balanced | decision_function_shape=ovo | tol=1,1.0,balanced,ovo,1.0,2,0.3703170028818444,0.5425918692386994,0.3703170028818444,0.34875694337154256,0.742544316355447,0.48792267505108133
C=1 | class_weight=balanced | decision_function_shape=ovo | tol=1,1.0,balanced,ovo,1.0,3,0.35110470701248797,0.49548239379659975,0.35110470701248797,0.33499030823500603,0.7199281006516678,0.44805691880559134
C=1 | class_weight=balanced | decision_function_shape=ovo | tol=1,1.0,balanced,ovo,1.0,4,0.36263208453410184,0.4965028666270282,0.36263208453410184,0.33160066021786466,0.7339693017313162,0.4589169370338706
C=1 | class_weight=balanced | decision_function_shape=ovo | tol=1,1.0,balanced,ovo,1.0,5,0.3623258049014897,0.4900231288759391,0.3623258049014897,0.33613819800574896,0.7224399514363226,0.44780200579498114
C=1 | class_weight=balanced | decision_function_shape=ovo | tol=10,1.0,balanced,ovo,10.0,1,0.44668587896253603,0.19952827446453336,0.44668587896253603,0.2758418774469844,0.5,0.30576018219383744
C=1 | class_weight=balanced | decision_function_shape=ovo | tol=10,1.0,balanced,ovo,10.0,2,0.44668587896253603,0.19952827446453336,0.44668587896253603,0.2758418774469844,0.5,0.3059502750348119
C=1 | class_weight=balanced | decision_function_shape=ovo | tol=10,1.0,balanced,ovo,10.0,3,0.4462055715658021,0.19909941209636414,0.4462055715658021,0.27534040251386926,0.5,0.30541413940080153
C=1 | class_weight=balanced | decision_function_shape=ovo | tol=10,1.0,balanced,ovo,10.0,4,0.44668587896253603,0.19952827446453336,0.44668587896253603,0.2758418774469844,0.5,0.30563191566521886
C=1 | class_weight=balanced | decision_function_shape=ovo | tol=10,1.0,balanced,ovo,10.0,5,0.44690052859202306,0.19972008245582962,0.44690052859202306,0.2760660854138701,0.5,0.30584005166997996
C=1 | class_weight=None | decision_function_shape=ovr | tol=0.1,1.0,,ovr,0.1,1,0.45244956772334294,0.2926443765195265,0.45244956772334294,0.33803822678355677,0.6934122139240323,0.4625626882772866
C=1 | class_weight=None | decision_function_shape=ovr | tol=0.1,1.0,,ovr,0.1,2,0.45004803073967337,0.28511183327542394,0.45004803073967337,0.33283985190406373,0.6816475571473731,0.44514077532901275
C=1 | class_weight=None | decision_function_shape=ovr | tol=0.1,1.0,,ovr,0.1,3,0.44668587896253603,0.2810736363635132,0.44668587896253603,0.3295488274025988,0.6620583407913403,0.4157209392195799
C=1 | class_weight=None | decision_function_shape=ovr | tol=0.1,1.0,,ovr,0.1,4,0.4510086455331412,0.2885751409665956,0.4510086455331412,0.33238851210028375,0.691049532434791,0.4671113632341634
C=1 | class_weight=None | decision_function_shape=ovr | tol=0.1,1.0,,ovr,0.1,5,0.4435367611725132,0.28156534953606427,0.4435367611725132,0.32848949731815646,0.6735074835917628,0.438958066357665
C=1 | class_weight=None | decision_function_shape=ovr | tol=1,1.0,,ovr,1.0,1,0.45244956772334294,0.29227981270331854,0.45244956772334294,0.33806455702368426,0.6831523284827788,0.46559047228982037
C=1 | class_weight=None | decision_function_shape=ovr | tol=1,1.0,,ovr,1.0,2,0.45004803073967337,0.28392771373679154,0.45004803073967337,0.3330328188427526,0.6797763960928169,0.4598041026375019
C=1 | class_weight=None | decision_function_shape=ovr | tol=1,1.0,,ovr,1.0,3,0.44668587896253603,0.2792437775639738,0.44668587896253603,0.3299309694592679,0.6380041171656822,0.38787266094813333
C=1 | class_weight=None | decision_function_shape=ovr | tol=1,1.0,,ovr,1.0,4,0.4510086455331412,0.28665914847155327,0.4510086455331412,0.3325845930011784,0.6359502403582015,0.37233208896546766
C=1 | class_weight=None | decision_function_shape=ovr | tol=1,1.0,,ovr,1.0,5,0.4435367611725132,0.27932794543746636,0.4435367611725132,0.3288712470921233,0.6229666638856468,0.3614045873284103
C=1 | class_weight=None | decision_function_shape=ovr | tol=10,1.0,,ovr,10.0,1,0.44668587896253603,0.19952827446453336,0.44668587896253603,0.2758418774469844,0.5,0.30576018219383744
C=1 | class_weight=None | decision_function_shape=ovr | tol=10,1.0,,ovr,10.0,2,0.44668587896253603,0.19952827446453336,0.44668587896253603,0.2758418774469844,0.5,0.3059502750348119
C=1 | class_weight=None | decision_function_shape=ovr | tol=10,1.0,,ovr,10.0,3,0.4462055715658021,0.19909941209636414,0.4462055715658021,0.27534040251386926,0.5,0.30541413940080153
C=1 | class_weight=None | decision_function_shape=ovr | tol=10,1.0,,ovr,10.0,4,0.44668587896253603,0.19952827446453336,0.44668587896253603,0.2758418774469844,0.5,0.30563191566521886
C=1 | class_weight=None | decision_function_shape=ovr | tol=10,1.0,,ovr,10.0,5,0.44690052859202306,0.19972008245582962,0.44690052859202306,0.2760660854138701,0.5,0.30584005166997996
C=1 | class_weight=None | decision_function_shape=ovo | tol=0.1,1.0,,ovo,0.1,1,0.45244956772334294,0.2926443765195265,0.45244956772334294,0.33803822678355677,0.7222133424489541,0.4555717819743459
C=1 | class_weight=None | decision_function_shape=ovo | tol=0.1,1.0,,ovo,0.1,2,0.45004803073967337,0.28511183327542394,0.45004803073967337,0.33283985190406373,0.7220793203497748,0.4414428766785105
C=1 | class_weight=None | decision_function_shape=ovo | tol=0.1,1.0,,ovo,0.1,3,0.44668587896253603,0.2810736363635132,0.44668587896253603,0.3295488274025988,0.708772809245354,0.42347356557018484
C=1 | class_weight=None | decision_function_shape=ovo | tol=0.1,1.0,,ovo,0.1,4,0.4510086455331412,0.2885751409665956,0.4510086455331412,0.33238851210028375,0.7368184115676811,0.46302652828542
C=1 | class_weight=None | decision_function_shape=ovo | tol=0.1,1.0,,ovo,0.1,5,0.4435367611725132,0.28156534953606427,0.4435367611725132,0.32848949731815646,0.7135697054675537,0.43479338354186964
C=1 | class_weight=None | decision_function_shape=ovo | tol=1,1.0,,ovo,1.0,1,0.45244956772334294,0.29227981270331854,0.45244956772334294,0.33806455702368426,0.7264244199095033,0.4665154381409399
C=1 | class_weight=None | decision_function_shape=ovo | tol=1,1.0,,ovo,1.0,2,0.45004803073967337,0.28392771373679154,0.45004803073967337,0.3330328188427526,0.7186503416197755,0.4612204558242655
C=1 | class_weight=None | decision_function_shape=ovo | tol=1,1.0,,ovo,1.0,3,0.44668587896253603,0.2792437775639738,0.44668587896253603,0.3299309694592679,0.6941196360641193,0.39069572439721506
C=1 | class_weight=None | decision_function_shape=ovo | tol=1,1.0,,ovo,1.0,4,0.4510086455331412,0.28665914847155327,0.4510086455331412,0.3325845930011784,0.7049912397361148,0.38999892266394354
C=1 | class_weight=None | decision_function_shape=ovo | tol=1,1.0,,ovo,1.0,5,0.4435367611725132,0.27932794543746636,0.4435367611725132,0.3288712470921233,0.6994980261335174,0.3908274362909508
C=1 | class_weight=None | decision_function_shape=ovo | tol=10,1.0,,ovo,10.0,1,0.44668587896253603,0.19952827446453336,0.44668587896253603,0.2758418774469844,0.5,0.30576018219383744
C=1 | class_weight=None | decision_function_shape=ovo | tol=10,1.0,,ovo,10.0,2,0.44668587896253603,0.19952827446453336,0.44668587896253603,0.2758418774469844,0.5,0.3059502750348119
C=1 | class_weight=None | decision_function_shape=ovo | tol=10,1.0,,ovo,10.0,3,0.4462055715658021,0.19909941209636414,0.4462055715658021,0.27534040251386926,0.5,0.30541413940080153
C=1 | class_weight=None | decision_function_shape=ovo | tol=10,1.0,,ovo,10.0,4,0.44668587896253603,0.19952827446453336,0.44668587896253603,0.2758418774469844,0.5,0.30563191566521886
C=1 | class_weight=None | decision_function_shape=ovo | tol=10,1.0,,ovo,10.0,5,0.44690052859202306,0.19972008245582962,0.44690052859202306,0.2760660854138701,0.5,0.30584005166997996
C=10 | class_weight=balanced | decision_function_shape=ovr | tol=0.1,10.0,balanced,ovr,0.1,1,0.35830931796349663,0.4960773931222206,0.35830931796349663,0.33724622579336516,0.6812314068995133,0.4557174784839985
C=10 | class_weight=balanced | decision_function_shape=ovr | tol=0.1,10.0,balanced,ovr,0.1,2,0.3703170028818444,0.5474652584429585,0.3703170028818444,0.3562369005475819,0.6923930308637933,0.47509806016227274
C=10 | class_weight=balanced | decision_function_shape=ovr | tol=0.1,10.0,balanced,ovr,0.1,3,0.36935638808837656,0.5344600524683668,0.36935638808837656,0.35487595761765656,0.6693936615924476,0.45001478572989
C=10 | class_weight=balanced | decision_function_shape=ovr | tol=0.1,10.0,balanced,ovr,0.1,4,0.36839577329490875,0.5072958634415745,0.36839577329490875,0.3451901147226617,0.6801059990138488,0.4604760659709096
C=10 | class_weight=balanced | decision_function_shape=ovr | tol=0.1,10.0,balanced,ovr,0.1,5,0.3608841902931283,0.4996149270729373,0.3608841902931283,0.3350323494142878,0.6707592459752799,0.4469841596690326
C=10 | class_weight=balanced | decision_function_shape=ovr | tol=1,10.0,balanced,ovr,1.0,1,0.36743515850144093,0.49474040618434567,0.36743515850144093,0.348237267601948,0.6842120951398784,0.4645592181766095
C=10 | class_weight=balanced | decision_function_shape=ovr | tol=1,10.0,balanced,ovr,1.0,2,0.38760806916426516,0.5772089070105697,0.38760806916426516,0.36414011621408926,0.6955073590594942,0.4808136877714336
C=10 | class_weight=balanced | decision_function_shape=ovr | tol=1,10.0,balanced,ovr,1.0,3,0.35446685878962536,0.4934135332738799,0.35446685878962536,0.33997665822889456,0.6766731017808467,0.4571198326521319
C=10 | class_weight=balanced | decision_function_shape=ovr | tol=1,10.0,balanced,ovr,1.0,4,0.3813640730067243,0.5639418186386995,0.3813640730067243,0.3452362809901847,0.6844988128117614,0.46770365533931824
C=10 | class_weight=balanced | decision_function_shape=ovr | tol=1,10.0,balanced,ovr,1.0,5,0.37289764536280634,0.4993603638629681,0.37289764536280634,0.3574695354120979,0.678254949400941,0.45779508728475615
C=10 | class_weight=balanced | decision_function_shape=ovr | tol=10,10.0,balanced,ovr,10.0,1,0.44668587896253603,0.19952827446453336,0.44668587896253603,0.2758418774469844,0.5,0.30576018219383744
C=10 | class_weight=balanced | decision_function_shape=ovr | tol=10,10.0,balanced,ovr,10.0,2,0.44668587896253603,0.19952827446453336,0.44668587896253603,0.2758418774469844,0.5,0.3059502750348119
C=10 | class_weight=balanced | decision_function_shape=ovr | tol=10,10.0,balanced,ovr,10.0,3,0.4462055715658021,0.19909941209636414,0.4462055715658021,0.27534040251386926,0.5,0.30541413940080153
C=10 | class_weight=balanced | decision_function_shape=ovr | tol=10,10.0,balanced,ovr,10.0,4,0.44668587896253603,0.19952827446453336,0.44668587896253603,0.2758418774469844,0.5,0.30563191566521886
C=10 | class_weight=balanced | decision_function_shape=ovr | tol=10,10.0,balanced,ovr,10.0,5,0.44690052859202306,0.19972008245582962,0.44690052859202306,0.2760660854138701,0.5,0.30584005166997996
C=10 | class_weight=balanced | decision_function_shape=ovo | tol=0.1,10.0,balanced,ovo,0.1,1,0.35830931796349663,0.4960773931222206,0.35830931796349663,0.33724622579336516,0.7243014890471129,0.4556242697914829
C=10 | class_weight=balanced | decision_function_shape=ovo | tol=0.1,10.0,balanced,ovo,0.1,2,0.3703170028818444,0.5474652584429585,0.3703170028818444,0.3562369005475819,0.734195608448059,0.47508858091342565
C=10 | class_weight=balanced | decision_function_shape=ovo | tol=0.1,10.0,balanced,ovo,0.1,3,0.36935638808837656,0.5344600524683668,0.36935638808837656,0.35487595761765656,0.71708361888609,0.45007065541201063
C=10 | class_weight=balanced | decision_function_shape=ovo | tol=0.1,10.0,balanced,ovo,0.1,4,0.36839577329490875,0.5072958634415745,0.36839577329490875,0.3451901147226617,0.7263236767346157,0.4606402686436156
C=10 | class_weight=balanced | decision_function_shape=ovo | tol=0.1,10.0,balanced,ovo,0.1,5,0.3608841902931283,0.4996149270729373,0.3608841902931283,0.3350323494142878,0.7192613731447483,0.44709518820804595
C=10 | class_weight=balanced | decision_function_shape=ovo | tol=1,10.0,balanced,ovo,1.0,1,0.36743515850144093,0.49474040618434567,0.36743515850144093,0.348237267601948,0.7273463852018063,0.46422657852319493
C=10 | class_weight=balanced | decision_function_shape=ovo | tol=1,10.0,balanced,ovo,1.0,2,0.38760806916426516,0.5772089070105697,0.38760806916426516,0.36414011621408926,0.7363333403344446,0.48190164250691314
C=10 | class_weight=balanced | decision_function_shape=ovo | tol=1,10.0,balanced,ovo,1.0,3,0.35446685878962536,0.4934135332738799,0.35446685878962536,0.33997665822889456,0.7229803877612233,0.45696932427391496
C=10 | class_weight=balanced | decision_function_shape=ovo | tol=1,10.0,balanced,ovo,1.0,4,0.3813640730067243,0.5639418186386995,0.3813640730067243,0.3452362809901847,0.730982856973674,0.4669839002772623
C=10 | class_weight=balanced | decision_function_shape=ovo | tol=1,10.0,balanced,ovo,1.0,5,0.37289764536280634,0.4993603638629681,0.37289764536280634,0.3574695354120979,0.7258967669080323,0.4565733437998837
C=10 | class_weight=balanced | decision_function_shape=ovo | tol=10,10.0,balanced,ovo,10.0,1,0.44668587896253603,0.19952827446453336,0.44668587896253603,0.2758418774469844,0.5,0.30576018219383744
C=10 | class_weight=balanced | decision_function_shape=ovo | tol=10,10.0,balanced,ovo,10.0,2,0.44668587896253603,0.19952827446453336,0.44668587896253603,0.2758418774469844,0.5,0.3059502750348119
C=10 | class_weight=balanced | decision_function_shape=ovo | tol=10,10.0,balanced,ovo,10.0,3,0.4462055715658021,0.19909941209636414,0.4462055715658021,0.27534040251386926,0.5,0.30541413940080153
C=10 | class_weight=balanced | decision_function_shape=ovo | tol=10,10.0,balanced,ovo,10.0,4,0.44668587896253603,0.19952827446453336,0.44668587896253603,0.2758418774469844,0.5,0.30563191566521886
C=10 | class_weight=balanced | decision_function_shape=ovo | tol=10,10.0,balanced,ovo,10.0,5,0.44690052859202306,0.19972008245582962,0.44690052859202306,0.2760660854138701,0.5,0.30584005166997996
C=10 | class_weight=None | decision_function_shape=ovr | tol=0.1,10.0,,ovr,0.1,1,0.45244956772334294,0.2926443765195265,0.45244956772334294,0.33803822678355677,0.6832294797397686,0.4443584801780873
C=10 | class_weight=None | decision_function_shape=ovr | tol=0.1,10.0,,ovr,0.1,2,0.45004803073967337,0.2852688959032029,0.45004803073967337,0.33281699240622603,0.6911461647775886,0.47205999940113813
C=10 | class_weight=None | decision_function_shape=ovr | tol=0.1,10.0,,ovr,0.1,3,0.4457252641690682,0.28029305865258963,0.4457252641690682,0.3289451937497124,0.6730197269017589,0.44032240764457997
C=10 | class_weight=None | decision_function_shape=ovr | tol=0.1,10.0,,ovr,0.1,4,0.4510086455331412,0.2889884815164509,0.4510086455331412,0.3323528407821996,0.68744267565598,0.45683148345643876
C=10 | class_weight=None | decision_function_shape=ovr | tol=0.1,10.0,,ovr,0.1,5,0.4435367611725132,0.2817216512728547,0.4435367611725132,0.32846799223228956,0.669596041533514,0.4470945277582178
C=10 | class_weight=None | decision_function_shape=ovr | tol=1,10.0,,ovr,1.0,1,0.45004803073967337,0.31503907368567435,0.45004803073967337,0.34265053558024483,0.6812948896966037,0.4380405562811237
C=10 | class_weight=None | decision_function_shape=ovr | tol=1,10.0,,ovr,1.0,2,0.44908741594620555,0.2822397752955978,0.44908741594620555,0.3326124291761282,0.6831867118941221,0.4503901468381056
C=10 | class_weight=None | decision_function_shape=ovr | tol=1,10.0,,ovr,1.0,3,0.4457252641690682,0.27809971237464215,0.4457252641690682,0.3289342216745778,0.6602782883116566,0.4216443985722826
C=10 | class_weight=None | decision_function_shape=ovr | tol=1,10.0,,ovr,1.0,4,0.4471661863592699,0.2908907522203405,0.4471661863592699,0.3287460299423922,0.6651267983781929,0.42240698651142583
C=10 | class_weight=None | decision_function_shape=ovr | tol=1,10.0,,ovr,1.0,5,0.43584814992791926,0.2754301612082825,0.43584814992791926,0.32095001314291277,0.6467817279613965,0.4014485365594015
C=10 | class_weight=None | decision_function_shape=ovr | tol=10,10.0,,ovr,10.0,1,0.44668587896253603,0.19952827446453336,0.44668587896253603,0.2758418774469844,0.5,0.30576018219383744
C=10 | class_weight=None | decision_function_shape=ovr | tol=10,10.0,,ovr,10.0,2,0.44668587896253603,0.19952827446453336,0.44668587896253603,0.2758418774469844,0.5,0.3059502750348119
C=10 | class_weight=None | decision_function_shape=ovr | tol=10,10.0,,ovr,10.0,3,0.4462055715658021,0.19909941209636414,0.4462055715658021,0.27534040251386926,0.5,0.30541413940080153
C=10 | class_weight=None | decision_function_shape=ovr | tol=10,10.0,,ovr,10.0,4,0.44668587896253603,0.19952827446453336,0.44668587896253603,0.2758418774469844,0.5,0.30563191566521886
C=10 | class_weight=None | decision_function_shape=ovr | tol=10,10.0,,ovr,10.0,5,0.44690052859202306,0.19972008245582962,0.44690052859202306,0.2760660854138701,0.5,0.30584005166997996
C=10 | class_weight=None | decision_function_shape=ovo | tol=0.1,10.0,,ovo,0.1,1,0.45244956772334294,0.2926443765195265,0.45244956772334294,0.33803822678355677,0.726910827129819,0.455649285214195
C=10 | class_weight=None | decision_function_shape=ovo | tol=0.1,10.0,,ovo,0.1,2,0.45004803073967337,0.2852688959032029,0.45004803073967337,0.33281699240622603,0.7269352369443228,0.47714536380444394
C=10 | class_weight=None | decision_function_shape=ovo | tol=0.1,10.0,,ovo,0.1,3,0.4457252641690682,0.28029305865258963,0.4457252641690682,0.3289451937497124,0.7188427570862461,0.4462402174132056
C=10 | class_weight=None | decision_function_shape=ovo | tol=0.1,10.0,,ovo,0.1,4,0.4510086455331412,0.2889884815164509,0.4510086455331412,0.3323528407821996,0.7285284334758533,0.4517336487957797
C=10 | class_weight=None | decision_function_shape=ovo | tol=0.1,10.0,,ovo,0.1,5,0.4435367611725132,0.2817216512728547,0.4435367611725132,0.32846799223228956,0.7075789584685845,0.44291372374330173
C=10 | class_weight=None | decision_function_shape=ovo | tol=1,10.0,,ovo,1.0,1,0.45004803073967337,0.31503907368567435,0.45004803073967337,0.34265053558024483,0.7217880123390825,0.4414245236946961
C=10 | class_weight=None | decision_function_shape=ovo | tol=1,10.0,,ovo,1.0,2,0.44908741594620555,0.2822397752955978,0.44908741594620555,0.3326124291761282,0.7220723318737413,0.4523473672212654
C=10 | class_weight=None | decision_function_shape=ovo | tol=1,10.0,,ovo,1.0,3,0.4457252641690682,0.27809971237464215,0.4457252641690682,0.3289342216745778,0.7101244529637687,0.41748989469333536
C=10 | class_weight=None | decision_function_shape=ovo | tol=1,10.0,,ovo,1.0,4,0.4471661863592699,0.2908907522203405,0.4471661863592699,0.3287460299423922,0.7190452043536114,0.4188995519329078
C=10 | class_weight=None | decision_function_shape=ovo | tol=1,10.0,,ovo,1.0,5,0.43584814992791926,0.2754301612082825,0.43584814992791926,0.32095001314291277,0.6991949200597163,0.3918441190621629
C=10 | class_weight=None | decision_function_shape=ovo | tol=10,10.0,,ovo,10.0,1,0.44668587896253603,0.19952827446453336,0.44668587896253603,0.2758418774469844,0.5,0.30576018219383744
C=10 | class_weight=None | decision_function_shape=ovo | tol=10,10.0,,ovo,10.0,2,0.44668587896253603,0.19952827446453336,0.44668587896253603,0.2758418774469844,0.5,0.3059502750348119
C=10 | class_weight=None | decision_function_shape=ovo | tol=10,10.0,,ovo,10.0,3,0.4462055715658021,0.19909941209636414,0.4462055715658021,0.27534040251386926,0.5,0.30541413940080153
C=10 | class_weight=None | decision_function_shape=ovo | tol=10,10.0,,ovo,10.0,4,0.44668587896253603,0.19952827446453336,0.44668587896253603,0.2758418774469844,0.5,0.30563191566521886
C=10 | class_weight=None | decision_function_shape=ovo | tol=10,10.0,,ovo,10.0,5,0.44690052859202306,0.19972008245582962,0.44690052859202306,0.2760660854138701,0.5,0.30584005166997996
