tag,n_estimators,learning_rate,max_depth,rate_drop,lambda_,n_measurements,fold,accuracy,precision,recall,F1,auroc,prauc
n_estimators=100 | learning_rate=0.01 | max_depth=4 | rate_drop=0.1 | lambda_=0.1 | n_measurements=None,100,0.01,4,0.1,0.1,,1,0.4380952380952381,0.19192743764172335,0.4380952380952381,0.26691895301166824,0.92701581151675,0.8510778164567875
n_estimators=100 | learning_rate=0.01 | max_depth=4 | rate_drop=0.1 | lambda_=0.1 | n_measurements=None,100,0.01,4,0.1,0.1,,2,0.4519230769230769,0.20423446745562132,0.4519230769230769,0.2813295975547631,0.9145166838665291,0.8395830903762239
n_estimators=100 | learning_rate=0.01 | max_depth=4 | rate_drop=0.1 | lambda_=0.1 | n_measurements=None,100,0.01,4,0.1,0.1,,3,0.4519230769230769,0.20423446745562132,0.4519230769230769,0.2813295975547631,0.9759109311740891,0.9538108150081747
n_estimators=100 | learning_rate=0.01 | max_depth=4 | rate_drop=0.1 | lambda_=0.1 | n_measurements=None,100,0.01,4,0.1,0.1,,4,0.4519230769230769,0.20423446745562132,0.4519230769230769,0.2813295975547631,0.9475533563252861,0.8991264068560938
n_estimators=100 | learning_rate=0.01 | max_depth=4 | rate_drop=0.1 | lambda_=0.1 | n_measurements=None,100,0.01,4,0.1,0.1,,5,0.4423076923076923,0.19563609467455623,0.4423076923076923,0.27128205128205124,0.9374943315332976,0.8828349277726051
n_estimators=100 | learning_rate=0.01 | max_depth=4 | rate_drop=0.1 | lambda_=5 | n_measurements=None,100,0.01,4,0.1,5.0,,1,0.4380952380952381,0.19192743764172335,0.4380952380952381,0.26691895301166824,0.6626690712763875,0.5175854132585462
n_estimators=100 | learning_rate=0.01 | max_depth=4 | rate_drop=0.1 | lambda_=5 | n_measurements=None,100,0.01,4,0.1,5.0,,2,0.4519230769230769,0.20423446745562132,0.4519230769230769,0.2813295975547631,0.668812900778845,0.5431994728730941
n_estimators=100 | learning_rate=0.01 | max_depth=4 | rate_drop=0.1 | lambda_=5 | n_measurements=None,100,0.01,4,0.1,5.0,,3,0.4519230769230769,0.20423446745562132,0.4519230769230769,0.2813295975547631,0.6288181856938307,0.4412174647668631
n_estimators=100 | learning_rate=0.01 | max_depth=4 | rate_drop=0.1 | lambda_=5 | n_measurements=None,100,0.01,4,0.1,5.0,,4,0.4519230769230769,0.20423446745562132,0.4519230769230769,0.2813295975547631,0.689893721021172,0.4932310640385108
n_estimators=100 | learning_rate=0.01 | max_depth=4 | rate_drop=0.1 | lambda_=5 | n_measurements=None,100,0.01,4,0.1,5.0,,5,0.4423076923076923,0.19563609467455623,0.4423076923076923,0.27128205128205124,0.6325093546978598,0.47313011019682527
n_estimators=100 | learning_rate=0.01 | max_depth=4 | rate_drop=0.5 | lambda_=0.1 | n_measurements=None,100,0.01,4,0.5,0.1,,1,0.4380952380952381,0.19192743764172335,0.4380952380952381,0.26691895301166824,0.9162974925600552,0.8268300415593176
n_estimators=100 | learning_rate=0.01 | max_depth=4 | rate_drop=0.5 | lambda_=0.1 | n_measurements=None,100,0.01,4,0.5,0.1,,2,0.4519230769230769,0.20423446745562132,0.4519230769230769,0.2813295975547631,0.8971013086596161,0.8219002333272389
n_estimators=100 | learning_rate=0.01 | max_depth=4 | rate_drop=0.5 | lambda_=0.1 | n_measurements=None,100,0.01,4,0.5,0.1,,3,0.4519230769230769,0.20423446745562132,0.4519230769230769,0.2813295975547631,0.9693445161840415,0.9329199732771579
n_estimators=100 | learning_rate=0.01 | max_depth=4 | rate_drop=0.5 | lambda_=0.1 | n_measurements=None,100,0.01,4,0.5,0.1,,4,0.4519230769230769,0.20423446745562132,0.4519230769230769,0.2813295975547631,0.9421701301603262,0.8824200582978942
n_estimators=100 | learning_rate=0.01 | max_depth=4 | rate_drop=0.5 | lambda_=0.1 | n_measurements=None,100,0.01,4,0.5,0.1,,5,0.4423076923076923,0.19563609467455623,0.4423076923076923,0.27128205128205124,0.9360282186912285,0.8827746720227896
n_estimators=100 | learning_rate=0.01 | max_depth=4 | rate_drop=0.5 | lambda_=5 | n_measurements=None,100,0.01,4,0.5,5.0,,1,0.4380952380952381,0.19192743764172335,0.4380952380952381,0.26691895301166824,0.6820128404332483,0.5254416170289004
n_estimators=100 | learning_rate=0.01 | max_depth=4 | rate_drop=0.5 | lambda_=5 | n_measurements=None,100,0.01,4,0.5,5.0,,2,0.4519230769230769,0.20423446745562132,0.4519230769230769,0.2813295975547631,0.6538787159788192,0.5123761223751573
n_estimators=100 | learning_rate=0.01 | max_depth=4 | rate_drop=0.5 | lambda_=5 | n_measurements=None,100,0.01,4,0.5,5.0,,3,0.4519230769230769,0.20423446745562132,0.4519230769230769,0.2813295975547631,0.5995197269191077,0.4132256337982515
n_estimators=100 | learning_rate=0.01 | max_depth=4 | rate_drop=0.5 | lambda_=5 | n_measurements=None,100,0.01,4,0.5,5.0,,4,0.4519230769230769,0.20423446745562132,0.4519230769230769,0.2813295975547631,0.66608120981186,0.47843009622811383
n_estimators=100 | learning_rate=0.01 | max_depth=4 | rate_drop=0.5 | lambda_=5 | n_measurements=None,100,0.01,4,0.5,5.0,,5,0.4423076923076923,0.19563609467455623,0.4423076923076923,0.27128205128205124,0.6255305927152196,0.45993027429983735
n_estimators=100 | learning_rate=0.01 | max_depth=10 | rate_drop=0.1 | lambda_=0.1 | n_measurements=None,100,0.01,10,0.1,0.1,,1,0.4380952380952381,0.19192743764172335,0.4380952380952381,0.26691895301166824,0.9340742943831558,0.8615381883558165
n_estimators=100 | learning_rate=0.01 | max_depth=10 | rate_drop=0.1 | lambda_=0.1 | n_measurements=None,100,0.01,10,0.1,0.1,,2,0.4519230769230769,0.20423446745562132,0.4519230769230769,0.2813295975547631,0.9534060137775308,0.8978704998681247
n_estimators=100 | learning_rate=0.01 | max_depth=10 | rate_drop=0.1 | lambda_=0.1 | n_measurements=None,100,0.01,10,0.1,0.1,,3,0.4519230769230769,0.20423446745562132,0.4519230769230769,0.2813295975547631,0.9857075023741692,0.9678807482637406
n_estimators=100 | learning_rate=0.01 | max_depth=10 | rate_drop=0.1 | lambda_=0.1 | n_measurements=None,100,0.01,10,0.1,0.1,,4,0.4519230769230769,0.20423446745562132,0.4519230769230769,0.2813295975547631,0.9636727145499074,0.9181258920335413
n_estimators=100 | learning_rate=0.01 | max_depth=10 | rate_drop=0.1 | lambda_=0.1 | n_measurements=None,100,0.01,10,0.1,0.1,,5,0.4423076923076923,0.19563609467455623,0.4423076923076923,0.27128205128205124,0.9569687793464845,0.9103545678157896
n_estimators=100 | learning_rate=0.01 | max_depth=10 | rate_drop=0.1 | lambda_=5 | n_measurements=None,100,0.01,10,0.1,5.0,,1,0.4380952380952381,0.19192743764172335,0.4380952380952381,0.26691895301166824,0.6683881242375865,0.5162837543050082
n_estimators=100 | learning_rate=0.01 | max_depth=10 | rate_drop=0.1 | lambda_=5 | n_measurements=None,100,0.01,10,0.1,5.0,,2,0.4519230769230769,0.20423446745562132,0.4519230769230769,0.2813295975547631,0.7056217456243256,0.5900286198585666
n_estimators=100 | learning_rate=0.01 | max_depth=10 | rate_drop=0.1 | lambda_=5 | n_measurements=None,100,0.01,10,0.1,5.0,,3,0.4519230769230769,0.20423446745562132,0.4519230769230769,0.2813295975547631,0.6390702959846407,0.46183888382943034
n_estimators=100 | learning_rate=0.01 | max_depth=10 | rate_drop=0.1 | lambda_=5 | n_measurements=None,100,0.01,10,0.1,5.0,,4,0.4519230769230769,0.20423446745562132,0.4519230769230769,0.2813295975547631,0.6893724328837847,0.5011531872330264
n_estimators=100 | learning_rate=0.01 | max_depth=10 | rate_drop=0.1 | lambda_=5 | n_measurements=None,100,0.01,10,0.1,5.0,,5,0.4423076923076923,0.19563609467455623,0.4423076923076923,0.27128205128205124,0.6284726741168074,0.46819621334945594
n_estimators=100 | learning_rate=0.01 | max_depth=10 | rate_drop=0.5 | lambda_=0.1 | n_measurements=None,100,0.01,10,0.5,0.1,,1,0.4380952380952381,0.19192743764172335,0.4380952380952381,0.26691895301166824,0.9288599072915358,0.8480914243485216
n_estimators=100 | learning_rate=0.01 | max_depth=10 | rate_drop=0.5 | lambda_=0.1 | n_measurements=None,100,0.01,10,0.5,0.1,,2,0.4519230769230769,0.20423446745562132,0.4519230769230769,0.2813295975547631,0.9377155863094975,0.8794121020279133
n_estimators=100 | learning_rate=0.01 | max_depth=10 | rate_drop=0.5 | lambda_=0.1 | n_measurements=None,100,0.01,10,0.5,0.1,,3,0.4519230769230769,0.20423446745562132,0.4519230769230769,0.2813295975547631,0.9736359186049588,0.9385738905364834
n_estimators=100 | learning_rate=0.01 | max_depth=10 | rate_drop=0.5 | lambda_=0.1 | n_measurements=None,100,0.01,10,0.5,0.1,,4,0.4519230769230769,0.20423446745562132,0.4519230769230769,0.2813295975547631,0.9592816411314864,0.9063438489761183
n_estimators=100 | learning_rate=0.01 | max_depth=10 | rate_drop=0.5 | lambda_=0.1 | n_measurements=None,100,0.01,10,0.5,0.1,,5,0.4423076923076923,0.19563609467455623,0.4423076923076923,0.27128205128205124,0.9555097387559968,0.9117400050670107
n_estimators=100 | learning_rate=0.01 | max_depth=10 | rate_drop=0.5 | lambda_=5 | n_measurements=None,100,0.01,10,0.5,5.0,,1,0.4380952380952381,0.19192743764172335,0.4380952380952381,0.26691895301166824,0.6659409909918588,0.499639105125561
n_estimators=100 | learning_rate=0.01 | max_depth=10 | rate_drop=0.5 | lambda_=5 | n_measurements=None,100,0.01,10,0.5,5.0,,2,0.4519230769230769,0.20423446745562132,0.4519230769230769,0.2813295975547631,0.67628069146387,0.5126813636734561
n_estimators=100 | learning_rate=0.01 | max_depth=10 | rate_drop=0.5 | lambda_=5 | n_measurements=None,100,0.01,10,0.5,5.0,,3,0.4519230769230769,0.20423446745562132,0.4519230769230769,0.2813295975547631,0.6129503203290613,0.4339058405264069
n_estimators=100 | learning_rate=0.01 | max_depth=10 | rate_drop=0.5 | lambda_=5 | n_measurements=None,100,0.01,10,0.5,5.0,,4,0.4519230769230769,0.20423446745562132,0.4519230769230769,0.2813295975547631,0.6490481640249443,0.47023881531740774
n_estimators=100 | learning_rate=0.01 | max_depth=10 | rate_drop=0.5 | lambda_=5 | n_measurements=None,100,0.01,10,0.5,5.0,,5,0.4423076923076923,0.19563609467455623,0.4423076923076923,0.27128205128205124,0.5921997777049798,0.4321205257823388
n_estimators=100 | learning_rate=0.1 | max_depth=4 | rate_drop=0.1 | lambda_=0.1 | n_measurements=None,100,0.1,4,0.1,0.1,,1,0.6857142857142857,0.7052552364229273,0.6857142857142857,0.6640182453296447,0.9203437818134191,0.8444040803306134
n_estimators=100 | learning_rate=0.1 | max_depth=4 | rate_drop=0.1 | lambda_=0.1 | n_measurements=None,100,0.1,4,0.1,0.1,,2,0.7596153846153846,0.7724553224553224,0.7596153846153846,0.7413115912113379,0.9479045201826419,0.8850368427489375
n_estimators=100 | learning_rate=0.1 | max_depth=4 | rate_drop=0.1 | lambda_=0.1 | n_measurements=None,100,0.1,4,0.1,0.1,,3,0.875,0.8734511102932155,0.875,0.8638969979533484,0.9812965462088269,0.9544237990002075
n_estimators=100 | learning_rate=0.1 | max_depth=4 | rate_drop=0.1 | lambda_=0.1 | n_measurements=None,100,0.1,4,0.1,0.1,,4,0.8173076923076923,0.8153348658478007,0.8173076923076923,0.8069568992328425,0.9572387164492427,0.9147116761635042
n_estimators=100 | learning_rate=0.1 | max_depth=4 | rate_drop=0.1 | lambda_=0.1 | n_measurements=None,100,0.1,4,0.1,0.1,,5,0.7692307692307693,0.7950813609467455,0.7692307692307693,0.753373762071154,0.9599937866574285,0.9297324895290704
n_estimators=100 | learning_rate=0.1 | max_depth=4 | rate_drop=0.1 | lambda_=5 | n_measurements=None,100,0.1,4,0.1,5.0,,1,0.49523809523809526,0.693731778425656,0.49523809523809526,0.37860317460317455,0.6763525383893261,0.5359590866318303
n_estimators=100 | learning_rate=0.1 | max_depth=4 | rate_drop=0.1 | lambda_=5 | n_measurements=None,100,0.1,4,0.1,5.0,,2,0.49038461538461536,0.5200961538461539,0.49038461538461536,0.35732801996538266,0.6457114642228162,0.4946611486624555
n_estimators=100 | learning_rate=0.1 | max_depth=4 | rate_drop=0.1 | lambda_=5 | n_measurements=None,100,0.1,4,0.1,5.0,,3,0.4519230769230769,0.4249622926093514,0.4519230769230769,0.2974692393736018,0.6331823567633681,0.4522807438939506
n_estimators=100 | learning_rate=0.1 | max_depth=4 | rate_drop=0.1 | lambda_=5 | n_measurements=None,100,0.1,4,0.1,5.0,,4,0.46153846153846156,0.3681410256410256,0.46153846153846156,0.3171557380348589,0.6894751542842358,0.49246147775338883
n_estimators=100 | learning_rate=0.1 | max_depth=4 | rate_drop=0.1 | lambda_=5 | n_measurements=None,100,0.1,4,0.1,5.0,,5,0.46153846153846156,0.4959207459207459,0.46153846153846156,0.32693225872270965,0.648642529570096,0.4905234452287062
n_estimators=100 | learning_rate=0.1 | max_depth=4 | rate_drop=0.5 | lambda_=0.1 | n_measurements=None,100,0.1,4,0.5,0.1,,1,0.5238095238095238,0.6354107490949595,0.5238095238095238,0.41365889902060116,0.9168193505727713,0.8359503523070779
n_estimators=100 | learning_rate=0.1 | max_depth=4 | rate_drop=0.5 | lambda_=0.1 | n_measurements=None,100,0.1,4,0.5,0.1,,2,0.5288461538461539,0.6635616987179487,0.5288461538461539,0.4239648680232234,0.9078202776087193,0.8301465775260909
n_estimators=100 | learning_rate=0.1 | max_depth=4 | rate_drop=0.5 | lambda_=0.1 | n_measurements=None,100,0.1,4,0.5,0.1,,3,0.5,0.6568570318570319,0.5,0.3749207255200406,0.9726490213719317,0.9437258573887777
n_estimators=100 | learning_rate=0.1 | max_depth=4 | rate_drop=0.5 | lambda_=0.1 | n_measurements=None,100,0.1,4,0.5,0.1,,4,0.5,0.6568570318570319,0.5,0.3749207255200406,0.9467708728415644,0.8886036219830007
n_estimators=100 | learning_rate=0.1 | max_depth=4 | rate_drop=0.5 | lambda_=0.1 | n_measurements=None,100,0.1,4,0.5,0.1,,5,0.46153846153846156,0.4206259426847663,0.46153846153846156,0.31033264033264035,0.9447327621488163,0.8916568093716177
n_estimators=100 | learning_rate=0.1 | max_depth=4 | rate_drop=0.5 | lambda_=5 | n_measurements=None,100,0.1,4,0.5,5.0,,1,0.4380952380952381,0.19192743764172335,0.4380952380952381,0.26691895301166824,0.686282941452196,0.525534755542853
n_estimators=100 | learning_rate=0.1 | max_depth=4 | rate_drop=0.5 | lambda_=5 | n_measurements=None,100,0.1,4,0.5,5.0,,2,0.4519230769230769,0.20423446745562132,0.4519230769230769,0.2813295975547631,0.652253328981915,0.5160314525805719
n_estimators=100 | learning_rate=0.1 | max_depth=4 | rate_drop=0.5 | lambda_=5 | n_measurements=None,100,0.1,4,0.5,5.0,,3,0.4519230769230769,0.20423446745562132,0.4519230769230769,0.2813295975547631,0.5933191397716681,0.40531669230615647
n_estimators=100 | learning_rate=0.1 | max_depth=4 | rate_drop=0.5 | lambda_=5 | n_measurements=None,100,0.1,4,0.5,5.0,,4,0.4519230769230769,0.20423446745562132,0.4519230769230769,0.2813295975547631,0.6623311987863072,0.47417939697194306
n_estimators=100 | learning_rate=0.1 | max_depth=4 | rate_drop=0.5 | lambda_=5 | n_measurements=None,100,0.1,4,0.5,5.0,,5,0.4423076923076923,0.19563609467455623,0.4423076923076923,0.27128205128205124,0.6328900547150593,0.4541078918656896
n_estimators=100 | learning_rate=0.1 | max_depth=10 | rate_drop=0.1 | lambda_=0.1 | n_measurements=None,100,0.1,10,0.1,0.1,,1,0.7238095238095238,0.7397530024155412,0.7238095238095238,0.7035899069453887,0.927726389549427,0.8613250428143314
n_estimators=100 | learning_rate=0.1 | max_depth=10 | rate_drop=0.1 | lambda_=0.1 | n_measurements=None,100,0.1,10,0.1,0.1,,2,0.7788461538461539,0.7867712148962149,0.7788461538461539,0.7649458824796741,0.9602385488608399,0.9041314134017827
n_estimators=100 | learning_rate=0.1 | max_depth=10 | rate_drop=0.1 | lambda_=0.1 | n_measurements=None,100,0.1,10,0.1,0.1,,3,0.8557692307692307,0.854034123770966,0.8557692307692307,0.8449459194651503,0.9878330084470436,0.9710263490928747
n_estimators=100 | learning_rate=0.1 | max_depth=10 | rate_drop=0.1 | lambda_=0.1 | n_measurements=None,100,0.1,10,0.1,0.1,,4,0.7980769230769231,0.8021237341090283,0.7980769230769231,0.7871152212273708,0.962684310491328,0.9224192637560744
n_estimators=100 | learning_rate=0.1 | max_depth=10 | rate_drop=0.1 | lambda_=0.1 | n_measurements=None,100,0.1,10,0.1,0.1,,5,0.7692307692307693,0.7850046141938557,0.7692307692307693,0.7525218371372216,0.9698803282883084,0.9402048729202634
n_estimators=100 | learning_rate=0.1 | max_depth=10 | rate_drop=0.1 | lambda_=5 | n_measurements=None,100,0.1,10,0.1,5.0,,1,0.5047619047619047,0.5946825396825398,0.5047619047619047,0.39574983478404,0.6804863563474511,0.5269780073476741
n_estimators=100 | learning_rate=0.1 | max_depth=10 | rate_drop=0.1 | lambda_=5 | n_measurements=None,100,0.1,10,0.1,5.0,,2,0.5,0.46914246467817894,0.5,0.37358465289499776,0.6487164051405537,0.513444334709365
n_estimators=100 | learning_rate=0.1 | max_depth=10 | rate_drop=0.1 | lambda_=5 | n_measurements=None,100,0.1,10,0.1,5.0,,3,0.47115384615384615,0.4092425431711146,0.47115384615384615,0.3368086256017291,0.6394580279255202,0.45825425818570736
n_estimators=100 | learning_rate=0.1 | max_depth=10 | rate_drop=0.1 | lambda_=5 | n_measurements=None,100,0.1,10,0.1,5.0,,4,0.47115384615384615,0.5417152292152292,0.47115384615384615,0.33596646567536975,0.674555670221305,0.49697142807752664
n_estimators=100 | learning_rate=0.1 | max_depth=10 | rate_drop=0.1 | lambda_=5 | n_measurements=None,100,0.1,10,0.1,5.0,,5,0.46153846153846156,0.4590617715617716,0.46153846153846156,0.3262517853499286,0.6343458442668999,0.471855316004605
n_estimators=100 | learning_rate=0.1 | max_depth=10 | rate_drop=0.5 | lambda_=0.1 | n_measurements=None,100,0.1,10,0.5,0.1,,1,0.5238095238095238,0.6354107490949595,0.5238095238095238,0.41365889902060116,0.9292780795752278,0.8578001698456649
n_estimators=100 | learning_rate=0.1 | max_depth=10 | rate_drop=0.5 | lambda_=0.1 | n_measurements=None,100,0.1,10,0.5,0.1,,2,0.5288461538461539,0.6635616987179487,0.5288461538461539,0.4239648680232234,0.93953737515399,0.8809771834344224
n_estimators=100 | learning_rate=0.1 | max_depth=10 | rate_drop=0.5 | lambda_=0.1 | n_measurements=None,100,0.1,10,0.5,0.1,,3,0.5192307692307693,0.6612807295796987,0.5192307692307693,0.40937347374847377,0.9741353026440746,0.944689231871869
n_estimators=100 | learning_rate=0.1 | max_depth=10 | rate_drop=0.5 | lambda_=0.1 | n_measurements=None,100,0.1,10,0.5,0.1,,4,0.5096153846153846,0.659046310832025,0.5096153846153846,0.39038382594417076,0.9579880497708155,0.9055299505141243
n_estimators=100 | learning_rate=0.1 | max_depth=10 | rate_drop=0.5 | lambda_=0.1 | n_measurements=None,100,0.1,10,0.5,0.1,,5,0.4807692307692308,0.42461538461538456,0.4807692307692308,0.3442415017757483,0.9628614759927915,0.9195847399423415
n_estimators=100 | learning_rate=0.1 | max_depth=10 | rate_drop=0.5 | lambda_=5 | n_measurements=None,100,0.1,10,0.5,5.0,,1,0.4380952380952381,0.19192743764172335,0.4380952380952381,0.26691895301166824,0.6670821418840698,0.5030609114624573
n_estimators=100 | learning_rate=0.1 | max_depth=10 | rate_drop=0.5 | lambda_=5 | n_measurements=None,100,0.1,10,0.5,5.0,,2,0.4519230769230769,0.20423446745562132,0.4519230769230769,0.2813295975547631,0.6606776598778661,0.5001460048768045
n_estimators=100 | learning_rate=0.1 | max_depth=10 | rate_drop=0.5 | lambda_=5 | n_measurements=None,100,0.1,10,0.5,5.0,,3,0.4519230769230769,0.20423446745562132,0.4519230769230769,0.2813295975547631,0.6004601330710722,0.4240049316414721
n_estimators=100 | learning_rate=0.1 | max_depth=10 | rate_drop=0.5 | lambda_=5 | n_measurements=None,100,0.1,10,0.5,5.0,,4,0.4519230769230769,0.20423446745562132,0.4519230769230769,0.2813295975547631,0.6312704156486407,0.46604247439883406
n_estimators=100 | learning_rate=0.1 | max_depth=10 | rate_drop=0.5 | lambda_=5 | n_measurements=None,100,0.1,10,0.5,5.0,,5,0.4423076923076923,0.19563609467455623,0.4423076923076923,0.27128205128205124,0.5944606755337919,0.4339946826639282
n_estimators=500 | learning_rate=0.01 | max_depth=4 | rate_drop=0.1 | lambda_=0.1 | n_measurements=None,500,0.01,4,0.1,0.1,,1,0.4380952380952381,0.19192743764172335,0.4380952380952381,0.26691895301166824,0.9304906676555027,0.8497182197622535
n_estimators=500 | learning_rate=0.01 | max_depth=4 | rate_drop=0.1 | lambda_=0.1 | n_measurements=None,500,0.01,4,0.1,0.1,,2,0.4519230769230769,0.20423446745562132,0.4519230769230769,0.2813295975547631,0.9167772897133062,0.8397601519868131
n_estimators=500 | learning_rate=0.01 | max_depth=4 | rate_drop=0.1 | lambda_=0.1 | n_measurements=None,500,0.01,4,0.1,0.1,,3,0.4519230769230769,0.20423446745562132,0.4519230769230769,0.2813295975547631,0.9785287649322739,0.9567309004201547
n_estimators=500 | learning_rate=0.01 | max_depth=4 | rate_drop=0.1 | lambda_=0.1 | n_measurements=None,500,0.01,4,0.1,0.1,,4,0.4519230769230769,0.20423446745562132,0.4519230769230769,0.2813295975547631,0.950102464137552,0.9029186940109426
n_estimators=500 | learning_rate=0.01 | max_depth=4 | rate_drop=0.1 | lambda_=0.1 | n_measurements=None,500,0.01,4,0.1,0.1,,5,0.4423076923076923,0.19563609467455623,0.4423076923076923,0.27128205128205124,0.9389424611679528,0.8859220853623648
n_estimators=500 | learning_rate=0.01 | max_depth=4 | rate_drop=0.1 | lambda_=5 | n_measurements=None,500,0.01,4,0.1,5.0,,1,0.4380952380952381,0.19192743764172335,0.4380952380952381,0.26691895301166824,0.6610422644026289,0.5233407588001927
n_estimators=500 | learning_rate=0.01 | max_depth=4 | rate_drop=0.1 | lambda_=5 | n_measurements=None,500,0.01,4,0.1,5.0,,2,0.4519230769230769,0.20423446745562132,0.4519230769230769,0.2813295975547631,0.6724492383548112,0.5485845135459025
n_estimators=500 | learning_rate=0.01 | max_depth=4 | rate_drop=0.1 | lambda_=5 | n_measurements=None,500,0.01,4,0.1,5.0,,3,0.4519230769230769,0.20423446745562132,0.4519230769230769,0.2813295975547631,0.6304801040224157,0.44476345958838664
n_estimators=500 | learning_rate=0.01 | max_depth=4 | rate_drop=0.1 | lambda_=5 | n_measurements=None,500,0.01,4,0.1,5.0,,4,0.4519230769230769,0.20423446745562132,0.4519230769230769,0.2813295975547631,0.6932271131574537,0.49853037337580225
n_estimators=500 | learning_rate=0.01 | max_depth=4 | rate_drop=0.1 | lambda_=5 | n_measurements=None,500,0.01,4,0.1,5.0,,5,0.4423076923076923,0.19563609467455623,0.4423076923076923,0.27128205128205124,0.6381661979932153,0.48907372055324727
n_estimators=500 | learning_rate=0.01 | max_depth=4 | rate_drop=0.5 | lambda_=0.1 | n_measurements=None,500,0.01,4,0.5,0.1,,1,0.4380952380952381,0.19192743764172335,0.4380952380952381,0.26691895301166824,0.9229859016134941,0.8377324648378729
n_estimators=500 | learning_rate=0.01 | max_depth=4 | rate_drop=0.5 | lambda_=0.1 | n_measurements=None,500,0.01,4,0.5,0.1,,2,0.4519230769230769,0.20423446745562132,0.4519230769230769,0.2813295975547631,0.9021420444021063,0.8286427406995522
n_estimators=500 | learning_rate=0.01 | max_depth=4 | rate_drop=0.5 | lambda_=0.1 | n_measurements=None,500,0.01,4,0.5,0.1,,3,0.4519230769230769,0.20423446745562132,0.4519230769230769,0.2813295975547631,0.9729411617698512,0.9403306729361645
n_estimators=500 | learning_rate=0.01 | max_depth=4 | rate_drop=0.5 | lambda_=0.1 | n_measurements=None,500,0.01,4,0.5,0.1,,4,0.4519230769230769,0.20423446745562132,0.4519230769230769,0.2813295975547631,0.9456607099279957,0.8880991985327884
n_estimators=500 | learning_rate=0.01 | max_depth=4 | rate_drop=0.5 | lambda_=0.1 | n_measurements=None,500,0.01,4,0.5,0.1,,5,0.4423076923076923,0.19563609467455623,0.4423076923076923,0.27128205128205124,0.9376901370198136,0.8808636646294162
n_estimators=500 | learning_rate=0.01 | max_depth=4 | rate_drop=0.5 | lambda_=5 | n_measurements=None,500,0.01,4,0.5,5.0,,1,0.4380952380952381,0.19192743764172335,0.4380952380952381,0.26691895301166824,0.6806807439701681,0.526590935493443
n_estimators=500 | learning_rate=0.01 | max_depth=4 | rate_drop=0.5 | lambda_=5 | n_measurements=None,500,0.01,4,0.5,5.0,,2,0.4519230769230769,0.20423446745562132,0.4519230769230769,0.2813295975547631,0.6560035237666817,0.5260706912305781
n_estimators=500 | learning_rate=0.01 | max_depth=4 | rate_drop=0.5 | lambda_=5 | n_measurements=None,500,0.01,4,0.5,5.0,,3,0.4519230769230769,0.20423446745562132,0.4519230769230769,0.2813295975547631,0.6079005436332577,0.42098964312750975
n_estimators=500 | learning_rate=0.01 | max_depth=4 | rate_drop=0.5 | lambda_=5 | n_measurements=None,500,0.01,4,0.5,5.0,,4,0.4519230769230769,0.20423446745562132,0.4519230769230769,0.2813295975547631,0.6725210147036773,0.4847062565572948
n_estimators=500 | learning_rate=0.01 | max_depth=4 | rate_drop=0.5 | lambda_=5 | n_measurements=None,500,0.01,4,0.5,5.0,,5,0.4423076923076923,0.19563609467455623,0.4423076923076923,0.27128205128205124,0.6320039582254098,0.4707189007501454
n_estimators=500 | learning_rate=0.01 | max_depth=10 | rate_drop=0.1 | lambda_=0.1 | n_measurements=None,500,0.01,10,0.1,0.1,,1,0.4380952380952381,0.19192743764172335,0.4380952380952381,0.26691895301166824,0.9373108455422504,0.8660678867411999
n_estimators=500 | learning_rate=0.01 | max_depth=10 | rate_drop=0.1 | lambda_=0.1 | n_measurements=None,500,0.01,10,0.1,0.1,,2,0.4519230769230769,0.20423446745562132,0.4519230769230769,0.2813295975547631,0.9555537179634187,0.9018608150296998
n_estimators=500 | learning_rate=0.01 | max_depth=10 | rate_drop=0.1 | lambda_=0.1 | n_measurements=None,500,0.01,10,0.1,0.1,,3,0.4519230769230769,0.20423446745562132,0.4519230769230769,0.2813295975547631,0.987158244614385,0.9693321026236148
n_estimators=500 | learning_rate=0.01 | max_depth=10 | rate_drop=0.1 | lambda_=0.1 | n_measurements=None,500,0.01,10,0.1,0.1,,4,0.4519230769230769,0.20423446745562132,0.4519230769230769,0.2813295975547631,0.9642662568101166,0.9190299060854256
n_estimators=500 | learning_rate=0.01 | max_depth=10 | rate_drop=0.1 | lambda_=0.1 | n_measurements=None,500,0.01,10,0.1,0.1,,5,0.4423076923076923,0.19563609467455623,0.4423076923076923,0.27128205128205124,0.9607153502163623,0.9175498318939612
n_estimators=500 | learning_rate=0.01 | max_depth=10 | rate_drop=0.1 | lambda_=5 | n_measurements=None,500,0.01,10,0.1,5.0,,1,0.4380952380952381,0.19192743764172335,0.4380952380952381,0.26691895301166824,0.6669065201557476,0.5180089213906806
n_estimators=500 | learning_rate=0.01 | max_depth=10 | rate_drop=0.1 | lambda_=5 | n_measurements=None,500,0.01,10,0.1,5.0,,2,0.4519230769230769,0.20423446745562132,0.4519230769230769,0.2813295975547631,0.7055442727398351,0.5912189217751318
n_estimators=500 | learning_rate=0.01 | max_depth=10 | rate_drop=0.1 | lambda_=5 | n_measurements=None,500,0.01,10,0.1,5.0,,3,0.4519230769230769,0.20423446745562132,0.4519230769230769,0.2813295975547631,0.645190580355699,0.46689527420282934
n_estimators=500 | learning_rate=0.01 | max_depth=10 | rate_drop=0.1 | lambda_=5 | n_measurements=None,500,0.01,10,0.1,5.0,,4,0.4519230769230769,0.20423446745562132,0.4519230769230769,0.2813295975547631,0.6955878677756904,0.5103929142334702
n_estimators=500 | learning_rate=0.01 | max_depth=10 | rate_drop=0.1 | lambda_=5 | n_measurements=None,500,0.01,10,0.1,5.0,,5,0.4423076923076923,0.19563609467455623,0.4423076923076923,0.27128205128205124,0.6333786748809989,0.47881554648344454
n_estimators=500 | learning_rate=0.01 | max_depth=10 | rate_drop=0.5 | lambda_=0.1 | n_measurements=None,500,0.01,10,0.5,0.1,,1,0.4380952380952381,0.19192743764172335,0.4380952380952381,0.26691895301166824,0.9317167340482883,0.8531223536857294
n_estimators=500 | learning_rate=0.01 | max_depth=10 | rate_drop=0.5 | lambda_=0.1 | n_measurements=None,500,0.01,10,0.5,0.1,,2,0.4519230769230769,0.20423446745562132,0.4519230769230769,0.2813295975547631,0.9430995107594694,0.887643711583627
n_estimators=500 | learning_rate=0.01 | max_depth=10 | rate_drop=0.5 | lambda_=0.1 | n_measurements=None,500,0.01,10,0.5,0.1,,3,0.4519230769230769,0.20423446745562132,0.4519230769230769,0.2813295975547631,0.9788878304358181,0.9470610211371743
n_estimators=500 | learning_rate=0.01 | max_depth=10 | rate_drop=0.5 | lambda_=0.1 | n_measurements=None,500,0.01,10,0.5,0.1,,4,0.4519230769230769,0.20423446745562132,0.4519230769230769,0.2813295975547631,0.9611690320152652,0.9087566715489275
n_estimators=500 | learning_rate=0.01 | max_depth=10 | rate_drop=0.5 | lambda_=0.1 | n_measurements=None,500,0.01,10,0.5,0.1,,5,0.4423076923076923,0.19563609467455623,0.4423076923076923,0.27128205128205124,0.9580997374288749,0.9150317683641895
n_estimators=500 | learning_rate=0.01 | max_depth=10 | rate_drop=0.5 | lambda_=5 | n_measurements=None,500,0.01,10,0.5,5.0,,1,0.4380952380952381,0.19192743764172335,0.4380952380952381,0.26691895301166824,0.6697832271483212,0.5043436238221077
n_estimators=500 | learning_rate=0.01 | max_depth=10 | rate_drop=0.5 | lambda_=5 | n_measurements=None,500,0.01,10,0.5,5.0,,2,0.4519230769230769,0.20423446745562132,0.4519230769230769,0.2813295975547631,0.6792454993693384,0.5267662134270361
n_estimators=500 | learning_rate=0.01 | max_depth=10 | rate_drop=0.5 | lambda_=5 | n_measurements=None,500,0.01,10,0.5,5.0,,3,0.4519230769230769,0.20423446745562132,0.4519230769230769,0.2813295975547631,0.6223911704432861,0.44951961511607574
n_estimators=500 | learning_rate=0.01 | max_depth=10 | rate_drop=0.5 | lambda_=5 | n_measurements=None,500,0.01,10,0.5,5.0,,4,0.4519230769230769,0.20423446745562132,0.4519230769230769,0.2813295975547631,0.6631594383142372,0.4817500730853831
n_estimators=500 | learning_rate=0.01 | max_depth=10 | rate_drop=0.5 | lambda_=5 | n_measurements=None,500,0.01,10,0.5,5.0,,5,0.4423076923076923,0.19563609467455623,0.4423076923076923,0.27128205128205124,0.5984479514621232,0.4491084084149938
n_estimators=500 | learning_rate=0.1 | max_depth=4 | rate_drop=0.1 | lambda_=0.1 | n_measurements=None,500,0.1,4,0.1,0.1,,1,0.6761904761904762,0.6908469089390142,0.6761904761904762,0.6580993609565039,0.9242085156967544,0.8523985803661966
n_estimators=500 | learning_rate=0.1 | max_depth=4 | rate_drop=0.1 | lambda_=0.1 | n_measurements=None,500,0.1,4,0.1,0.1,,2,0.7692307692307693,0.7745650183150183,0.7692307692307693,0.7536291737638128,0.9535025608684019,0.892759406425195
n_estimators=500 | learning_rate=0.1 | max_depth=4 | rate_drop=0.1 | lambda_=0.1 | n_measurements=None,500,0.1,4,0.1,0.1,,3,0.8846153846153846,0.8915747713824635,0.8846153846153846,0.8824786324786325,0.9853301344529414,0.9592231113900292
n_estimators=500 | learning_rate=0.1 | max_depth=4 | rate_drop=0.1 | lambda_=0.1 | n_measurements=None,500,0.1,4,0.1,0.1,,4,0.8173076923076923,0.8073886639676113,0.8173076923076923,0.8073098272356678,0.9589456190333384,0.9204305019352291
n_estimators=500 | learning_rate=0.1 | max_depth=4 | rate_drop=0.1 | lambda_=0.1 | n_measurements=None,500,0.1,4,0.1,0.1,,5,0.7788461538461539,0.7997596153846154,0.7788461538461539,0.763425989633503,0.9630085719998001,0.9350307507154719
n_estimators=500 | learning_rate=0.1 | max_depth=4 | rate_drop=0.1 | lambda_=5 | n_measurements=None,500,0.1,4,0.1,5.0,,1,0.49523809523809526,0.6751984126984126,0.49523809523809526,0.3881246714000478,0.670696552940009,0.5299236687377102
n_estimators=500 | learning_rate=0.1 | max_depth=4 | rate_drop=0.1 | lambda_=5 | n_measurements=None,500,0.1,4,0.1,5.0,,2,0.49038461538461536,0.4669531857031857,0.49038461538461536,0.35741716426647935,0.6552329846318495,0.5195064943313467
n_estimators=500 | learning_rate=0.1 | max_depth=4 | rate_drop=0.1 | lambda_=5 | n_measurements=None,500,0.1,4,0.1,5.0,,3,0.4519230769230769,0.37338108320251173,0.4519230769230769,0.31457805285391494,0.6471974147283746,0.4650270225829807
n_estimators=500 | learning_rate=0.1 | max_depth=4 | rate_drop=0.1 | lambda_=5 | n_measurements=None,500,0.1,4,0.1,5.0,,4,0.47115384615384615,0.5173473433782713,0.47115384615384615,0.3502154558404558,0.6951378782132137,0.49634951752567685
n_estimators=500 | learning_rate=0.1 | max_depth=4 | rate_drop=0.1 | lambda_=5 | n_measurements=None,500,0.1,4,0.1,5.0,,5,0.4807692307692308,0.4724222585924714,0.4807692307692308,0.3728021978021978,0.6542606967895821,0.5004699599263577
n_estimators=500 | learning_rate=0.1 | max_depth=4 | rate_drop=0.5 | lambda_=0.1 | n_measurements=None,500,0.1,4,0.5,0.1,,1,0.5523809523809524,0.6447619047619048,0.5523809523809524,0.4623376623376623,0.9237942136695451,0.8473779093848132
n_estimators=500 | learning_rate=0.1 | max_depth=4 | rate_drop=0.5 | lambda_=0.1 | n_measurements=None,500,0.1,4,0.5,0.1,,2,0.5384615384615384,0.6658906882591094,0.5384615384615384,0.43775009028530154,0.9152937648293685,0.8410628331218934
n_estimators=500 | learning_rate=0.1 | max_depth=4 | rate_drop=0.5 | lambda_=0.1 | n_measurements=None,500,0.1,4,0.5,0.1,,3,0.5480769230769231,0.6682692307692307,0.5480769230769231,0.4592490842490842,0.975228669965512,0.9506263533984002
n_estimators=500 | learning_rate=0.1 | max_depth=4 | rate_drop=0.5 | lambda_=0.1 | n_measurements=None,500,0.1,4,0.5,0.1,,4,0.5192307692307693,0.6612807295796987,0.5192307692307693,0.40937347374847377,0.94840890247237,0.8917533152505968
n_estimators=500 | learning_rate=0.1 | max_depth=4 | rate_drop=0.5 | lambda_=0.1 | n_measurements=None,500,0.1,4,0.5,0.1,,5,0.5288461538461539,0.6564777327935223,0.5288461538461539,0.4271876704855429,0.9462821063583704,0.8982041264646996
n_estimators=500 | learning_rate=0.1 | max_depth=4 | rate_drop=0.5 | lambda_=5 | n_measurements=None,500,0.1,4,0.5,5.0,,1,0.4380952380952381,0.19192743764172335,0.4380952380952381,0.26691895301166824,0.6862580720683291,0.533276707393273
n_estimators=500 | learning_rate=0.1 | max_depth=4 | rate_drop=0.5 | lambda_=5 | n_measurements=None,500,0.1,4,0.5,5.0,,2,0.4519230769230769,0.20423446745562132,0.4519230769230769,0.2813295975547631,0.656031455167162,0.5216970626373817
n_estimators=500 | learning_rate=0.1 | max_depth=4 | rate_drop=0.5 | lambda_=5 | n_measurements=None,500,0.1,4,0.5,5.0,,3,0.4519230769230769,0.20423446745562132,0.4519230769230769,0.2813295975547631,0.6043463831776525,0.41769854103794274
n_estimators=500 | learning_rate=0.1 | max_depth=4 | rate_drop=0.5 | lambda_=5 | n_measurements=None,500,0.1,4,0.5,5.0,,4,0.4519230769230769,0.20423446745562132,0.4519230769230769,0.2813295975547631,0.6711844604388464,0.48032248183056114
n_estimators=500 | learning_rate=0.1 | max_depth=4 | rate_drop=0.5 | lambda_=5 | n_measurements=None,500,0.1,4,0.5,5.0,,5,0.4519230769230769,0.41868932038834955,0.4519230769230769,0.2915322233694717,0.640494256721653,0.4656081719283448
n_estimators=500 | learning_rate=0.1 | max_depth=10 | rate_drop=0.1 | lambda_=0.1 | n_measurements=None,500,0.1,10,0.1,0.1,,1,0.7047619047619048,0.7176274018379281,0.7047619047619048,0.68710579317425,0.9297874860714324,0.8631742435058352
n_estimators=500 | learning_rate=0.1 | max_depth=10 | rate_drop=0.1 | lambda_=0.1 | n_measurements=None,500,0.1,10,0.1,0.1,,2,0.7980769230769231,0.800491139576558,0.7980769230769231,0.7856759567732419,0.964105945272096,0.9089815307623514
n_estimators=500 | learning_rate=0.1 | max_depth=10 | rate_drop=0.1 | lambda_=0.1 | n_measurements=None,500,0.1,10,0.1,0.1,,3,0.8942307692307693,0.8995098039215688,0.8942307692307693,0.8917059131344847,0.9901484480431848,0.9751540095298346
n_estimators=500 | learning_rate=0.1 | max_depth=10 | rate_drop=0.1 | lambda_=0.1 | n_measurements=None,500,0.1,10,0.1,0.1,,4,0.8365384615384616,0.8249425343175344,0.8365384615384616,0.8275540281587876,0.9642212725546059,0.9262350763241636
n_estimators=500 | learning_rate=0.1 | max_depth=10 | rate_drop=0.1 | lambda_=0.1 | n_measurements=None,500,0.1,10,0.1,0.1,,5,0.7692307692307693,0.7850046141938557,0.7692307692307693,0.7525218371372216,0.972466360911612,0.9490326327500581
n_estimators=500 | learning_rate=0.1 | max_depth=10 | rate_drop=0.1 | lambda_=5 | n_measurements=None,500,0.1,10,0.1,5.0,,1,0.5142857142857142,0.6041938178780284,0.5142857142857142,0.41071148628008497,0.6769646607871629,0.5252391400294494
n_estimators=500 | learning_rate=0.1 | max_depth=10 | rate_drop=0.1 | lambda_=5 | n_measurements=None,500,0.1,10,0.1,5.0,,2,0.5,0.46914246467817894,0.5,0.37358465289499776,0.6612202273321984,0.5308402040266649
n_estimators=500 | learning_rate=0.1 | max_depth=10 | rate_drop=0.1 | lambda_=5 | n_measurements=None,500,0.1,10,0.1,5.0,,3,0.4807692307692308,0.4463900134952766,0.4807692307692308,0.3583048657534031,0.6490440845704004,0.46568680072601576
n_estimators=500 | learning_rate=0.1 | max_depth=10 | rate_drop=0.1 | lambda_=5 | n_measurements=None,500,0.1,10,0.1,5.0,,4,0.5,0.6569310897435897,0.5,0.3908301314070544,0.6880682202405628,0.5146399991987686
n_estimators=500 | learning_rate=0.1 | max_depth=10 | rate_drop=0.1 | lambda_=5 | n_measurements=None,500,0.1,10,0.1,5.0,,5,0.46153846153846156,0.4735576923076923,0.46153846153846156,0.3411892349053779,0.6446767681755224,0.48451292694918874
n_estimators=500 | learning_rate=0.1 | max_depth=10 | rate_drop=0.5 | lambda_=0.1 | n_measurements=None,500,0.1,10,0.5,0.1,,1,0.5523809523809524,0.6292469435326578,0.5523809523809524,0.46095537971879746,0.9327253544038526,0.8652757914375517
n_estimators=500 | learning_rate=0.1 | max_depth=10 | rate_drop=0.5 | lambda_=0.1 | n_measurements=None,500,0.1,10,0.5,0.1,,2,0.5673076923076923,0.6480742814877432,0.5673076923076923,0.4866911080971389,0.9442904174715321,0.8882930943746418
n_estimators=500 | learning_rate=0.1 | max_depth=10 | rate_drop=0.5 | lambda_=0.1 | n_measurements=None,500,0.1,10,0.5,0.1,,3,0.6057692307692307,0.6588058134394341,0.6057692307692307,0.5412956348838931,0.9787974209026841,0.9524642850848429
n_estimators=500 | learning_rate=0.1 | max_depth=10 | rate_drop=0.5 | lambda_=0.1 | n_measurements=None,500,0.1,10,0.5,0.1,,4,0.5769230769230769,0.6414529914529914,0.5769230769230769,0.5004824750689987,0.9611855335926542,0.9130785174128667
n_estimators=500 | learning_rate=0.1 | max_depth=10 | rate_drop=0.5 | lambda_=0.1 | n_measurements=None,500,0.1,10,0.5,0.1,,5,0.6153846153846154,0.6788908765652952,0.6153846153846154,0.5469807969807969,0.9633188159238155,0.9220697760378054
n_estimators=500 | learning_rate=0.1 | max_depth=10 | rate_drop=0.5 | lambda_=5 | n_measurements=None,500,0.1,10,0.5,5.0,,1,0.4380952380952381,0.19192743764172335,0.4380952380952381,0.26691895301166824,0.6730951263231881,0.5107319508620219
n_estimators=500 | learning_rate=0.1 | max_depth=10 | rate_drop=0.5 | lambda_=5 | n_measurements=None,500,0.1,10,0.5,5.0,,2,0.4519230769230769,0.20423446745562132,0.4519230769230769,0.2813295975547631,0.6687531790343968,0.5105442341680397
n_estimators=500 | learning_rate=0.1 | max_depth=10 | rate_drop=0.5 | lambda_=5 | n_measurements=None,500,0.1,10,0.5,5.0,,3,0.4519230769230769,0.20423446745562132,0.4519230769230769,0.2813295975547631,0.6148771459400973,0.4395544301740685
n_estimators=500 | learning_rate=0.1 | max_depth=10 | rate_drop=0.5 | lambda_=5 | n_measurements=None,500,0.1,10,0.5,5.0,,4,0.4519230769230769,0.20423446745562132,0.4519230769230769,0.2813295975547631,0.6448367703656661,0.4780928600174556
n_estimators=500 | learning_rate=0.1 | max_depth=10 | rate_drop=0.5 | lambda_=5 | n_measurements=None,500,0.1,10,0.5,5.0,,5,0.4519230769230769,0.41868932038834955,0.4519230769230769,0.2915322233694717,0.6028565558985048,0.4427411078719871
