tag,C,class_weight,tol,degree,gamma,coef0,fold,accuracy,precision,recall,F1,auroc,prauc
C=0.1 | class_weight=balanced | tol=0.1 | degree=1 | gamma=0.01 | coef0=0,0.1,balanced,0.1,1,0.01,0,1,0.34197886647454373,0.4584082923068784,0.34197886647454373,0.3323262586646362,0.6814177573995517,0.45381357099469244
C=0.1 | class_weight=balanced | tol=0.1 | degree=1 | gamma=0.01 | coef0=0,0.1,balanced,0.1,1,0.01,0,2,0.33621517771373677,0.46652812880622085,0.33621517771373677,0.32317932758945234,0.6970275365735054,0.474725743151803
C=0.1 | class_weight=balanced | tol=0.1 | degree=1 | gamma=0.01 | coef0=0,0.1,balanced,0.1,1,0.01,0,3,0.3242074927953891,0.43382025867190926,0.3242074927953891,0.30769898073310437,0.6731147781588283,0.4507422303715207
C=0.1 | class_weight=balanced | tol=0.1 | degree=1 | gamma=0.01 | coef0=0,0.1,balanced,0.1,1,0.01,0,4,0.3472622478386167,0.4534227044100749,0.3472622478386167,0.33589324907955326,0.6847766995631243,0.4585337394836212
C=0.1 | class_weight=balanced | tol=0.1 | degree=1 | gamma=0.01 | coef0=0,0.1,balanced,0.1,1,0.01,0,5,0.34166266218164343,0.4597079400992773,0.34166266218164343,0.3315287393247932,0.6767105617046189,0.4480579580722226
C=0.1 | class_weight=balanced | tol=0.1 | degree=1 | gamma=0.01 | coef0=3,0.1,balanced,0.1,1,0.01,3,1,0.3410182516810759,0.45699814882169304,0.3410182516810759,0.3322417729440835,0.6810262927231218,0.4538207112590175
C=0.1 | class_weight=balanced | tol=0.1 | degree=1 | gamma=0.01 | coef0=3,0.1,balanced,0.1,1,0.01,3,2,0.33429394812680113,0.4677223208588928,0.33429394812680113,0.321583831157992,0.6967396464294227,0.4747221052876446
C=0.1 | class_weight=balanced | tol=0.1 | degree=1 | gamma=0.01 | coef0=3,0.1,balanced,0.1,1,0.01,3,3,0.3222862632084534,0.42702728346451707,0.3222862632084534,0.3065941270057467,0.6731198916818174,0.4505571887727951
C=0.1 | class_weight=balanced | tol=0.1 | degree=1 | gamma=0.01 | coef0=3,0.1,balanced,0.1,1,0.01,3,4,0.3482228626320845,0.45745600679914905,0.3482228626320845,0.33625201156440543,0.6842217079917193,0.45922237520202125
C=0.1 | class_weight=balanced | tol=0.1 | degree=1 | gamma=0.01 | coef0=3,0.1,balanced,0.1,1,0.01,3,5,0.3426237385872177,0.46077770752821484,0.3426237385872177,0.33307323594772065,0.6766845209112068,0.44812742784272563
C=0.1 | class_weight=balanced | tol=0.1 | degree=1 | gamma=0.5 | coef0=0,0.1,balanced,0.1,1,0.5,0,1,0.356388088376561,0.487217888057285,0.356388088376561,0.3360685163065001,0.6806704102988899,0.4534277948725988
C=0.1 | class_weight=balanced | tol=0.1 | degree=1 | gamma=0.5 | coef0=0,0.1,balanced,0.1,1,0.5,0,2,0.3688760806916426,0.537424587609686,0.3688760806916426,0.35429281529288303,0.6913209874060081,0.472853023521169
C=0.1 | class_weight=balanced | tol=0.1 | degree=1 | gamma=0.5 | coef0=0,0.1,balanced,0.1,1,0.5,0,3,0.3679154658981748,0.5277004325541935,0.3679154658981748,0.3527839217043116,0.6690332156749285,0.4486963398661751
C=0.1 | class_weight=balanced | tol=0.1 | degree=1 | gamma=0.5 | coef0=0,0.1,balanced,0.1,1,0.5,0,4,0.36839577329490875,0.5026467454105582,0.36839577329490875,0.34504565339181753,0.6809197830160162,0.4594914430316636
C=0.1 | class_weight=balanced | tol=0.1 | degree=1 | gamma=0.5 | coef0=0,0.1,balanced,0.1,1,0.5,0,5,0.35752042287361846,0.49512655252252674,0.35752042287361846,0.3302698840279228,0.6704673907204339,0.4464044957241709
C=0.1 | class_weight=balanced | tol=0.1 | degree=1 | gamma=0.5 | coef0=3,0.1,balanced,0.1,1,0.5,3,1,0.3559077809798271,0.4867112136132609,0.3559077809798271,0.3354981051498337,0.6808587683162961,0.45365388489784114
C=0.1 | class_weight=balanced | tol=0.1 | degree=1 | gamma=0.5 | coef0=3,0.1,balanced,0.1,1,0.5,3,2,0.36935638808837656,0.5386035724606785,0.36935638808837656,0.35509676239658405,0.6914230673780998,0.4727165421208408
C=0.1 | class_weight=balanced | tol=0.1 | degree=1 | gamma=0.5 | coef0=3,0.1,balanced,0.1,1,0.5,3,3,0.36743515850144093,0.5232532313107855,0.36743515850144093,0.352457490185096,0.6688120441956474,0.4486027391539768
C=0.1 | class_weight=balanced | tol=0.1 | degree=1 | gamma=0.5 | coef0=3,0.1,balanced,0.1,1,0.5,3,4,0.36935638808837656,0.5035569182442265,0.36935638808837656,0.34629011781220914,0.6809707126608072,0.45974069294180114
C=0.1 | class_weight=balanced | tol=0.1 | degree=1 | gamma=0.5 | coef0=3,0.1,balanced,0.1,1,0.5,3,5,0.3570398846708313,0.4937776869376214,0.3570398846708313,0.33183718935119005,0.6699643277401915,0.4460847040687599
C=0.1 | class_weight=balanced | tol=0.1 | degree=5 | gamma=0.01 | coef0=0,0.1,balanced,0.1,5,0.01,0,1,0.44668587896253603,0.19952827446453336,0.44668587896253603,0.2758418774469844,0.3230333927349988,0.2312118301020341
C=0.1 | class_weight=balanced | tol=0.1 | degree=5 | gamma=0.01 | coef0=0,0.1,balanced,0.1,5,0.01,0,2,0.44668587896253603,0.19952827446453336,0.44668587896253603,0.2758418774469844,0.3194116415549075,0.22939368036886817
C=0.1 | class_weight=balanced | tol=0.1 | degree=5 | gamma=0.01 | coef0=0,0.1,balanced,0.1,5,0.01,0,3,0.2223823246878002,0.04945389833355019,0.2223823246878002,0.0809139617528106,0.34124295869209975,0.2357283851261815
C=0.1 | class_weight=balanced | tol=0.1 | degree=5 | gamma=0.01 | coef0=0,0.1,balanced,0.1,5,0.01,0,4,0.44668587896253603,0.19952827446453336,0.44668587896253603,0.2758418774469844,0.335695084641516,0.23565561702448537
C=0.1 | class_weight=balanced | tol=0.1 | degree=5 | gamma=0.01 | coef0=0,0.1,balanced,0.1,5,0.01,0,5,0.21960595867371457,0.05012983172521856,0.21960595867371457,0.08162661497672839,0.345868956378108,0.23897896457654208
C=0.1 | class_weight=balanced | tol=0.1 | degree=5 | gamma=0.01 | coef0=3,0.1,balanced,0.1,5,0.01,3,1,0.6056676272814602,0.6934280352791294,0.6056676272814602,0.602755657184857,0.8605390523496187,0.7245213109756342
C=0.1 | class_weight=balanced | tol=0.1 | degree=5 | gamma=0.01 | coef0=3,0.1,balanced,0.1,5,0.01,3,2,0.6268011527377522,0.7280508669280594,0.6268011527377522,0.6248474191008381,0.8790037623332237,0.7519150025486967
C=0.1 | class_weight=balanced | tol=0.1 | degree=5 | gamma=0.01 | coef0=3,0.1,balanced,0.1,5,0.01,3,3,0.6243996157540826,0.7050561259993985,0.6243996157540826,0.6200005782125506,0.8723681064473255,0.737813587777467
C=0.1 | class_weight=balanced | tol=0.1 | degree=5 | gamma=0.01 | coef0=3,0.1,balanced,0.1,5,0.01,3,4,0.6157540826128722,0.7040921654603995,0.6157540826128722,0.6121418031221715,0.8616777879360467,0.7176271057348391
C=0.1 | class_weight=balanced | tol=0.1 | degree=5 | gamma=0.01 | coef0=3,0.1,balanced,0.1,5,0.01,3,5,0.5915425276309466,0.6791943012518987,0.5915425276309466,0.5865931213031799,0.8579839378193892,0.7157728902524455
C=0.1 | class_weight=balanced | tol=0.1 | degree=5 | gamma=0.5 | coef0=0,0.1,balanced,0.1,5,0.5,0,1,0.6167146974063401,0.7498862398218435,0.6167146974063401,0.6232057129943019,0.8738895432485275,0.7435569812124049
C=0.1 | class_weight=balanced | tol=0.1 | degree=5 | gamma=0.5 | coef0=0,0.1,balanced,0.1,5,0.5,0,2,0.6104707012487992,0.7434366068912158,0.6104707012487992,0.618122069865684,0.8675908334225387,0.7337428657455781
C=0.1 | class_weight=balanced | tol=0.1 | degree=5 | gamma=0.5 | coef0=0,0.1,balanced,0.1,5,0.5,0,3,0.6061479346781941,0.7622594148677021,0.6061479346781941,0.6128357580770133,0.869091413010182,0.7318208382653332
C=0.1 | class_weight=balanced | tol=0.1 | degree=5 | gamma=0.5 | coef0=0,0.1,balanced,0.1,5,0.5,0,4,0.6056676272814602,0.766986529492564,0.6056676272814602,0.6114905389315274,0.8674487324939861,0.7368378592946289
C=0.1 | class_weight=balanced | tol=0.1 | degree=5 | gamma=0.5 | coef0=0,0.1,balanced,0.1,5,0.5,0,5,0.5973089860643921,0.75283048734451,0.5973089860643921,0.6031004097166666,0.8678586083944501,0.7350556637673525
C=0.1 | class_weight=balanced | tol=0.1 | degree=5 | gamma=0.5 | coef0=3,0.1,balanced,0.1,5,0.5,3,1,0.8693563880883766,0.8860664615613555,0.8693563880883766,0.8715702038324531,0.9812582329331635,0.9506041931672272
C=0.1 | class_weight=balanced | tol=0.1 | degree=5 | gamma=0.5 | coef0=3,0.1,balanced,0.1,5,0.5,3,2,0.872718539865514,0.8922884869057403,0.872718539865514,0.8759487442373274,0.9822899261128346,0.9552994556565686
C=0.1 | class_weight=balanced | tol=0.1 | degree=5 | gamma=0.5 | coef0=3,0.1,balanced,0.1,5,0.5,3,3,0.8746397694524496,0.8897258618685989,0.8746397694524496,0.8773001669643272,0.9833150546725657,0.9556452945544972
C=0.1 | class_weight=balanced | tol=0.1 | degree=5 | gamma=0.5 | coef0=3,0.1,balanced,0.1,5,0.5,3,4,0.8645533141210374,0.8857624128875853,0.8645533141210374,0.8674568807880949,0.9839190577008576,0.9578924905103691
C=0.1 | class_weight=balanced | tol=0.1 | degree=5 | gamma=0.5 | coef0=3,0.1,balanced,0.1,5,0.5,3,5,0.8649687650168189,0.8821709184906593,0.8649687650168189,0.8677913340787424,0.9800579207791607,0.9477692835982378
C=0.1 | class_weight=balanced | tol=10 | degree=1 | gamma=0.01 | coef0=0,0.1,balanced,10.0,1,0.01,0,1,0.44668587896253603,0.19952827446453336,0.44668587896253603,0.2758418774469844,0.5,0.30576018219383744
C=0.1 | class_weight=balanced | tol=10 | degree=1 | gamma=0.01 | coef0=0,0.1,balanced,10.0,1,0.01,0,2,0.44668587896253603,0.19952827446453336,0.44668587896253603,0.2758418774469844,0.5,0.3059502750348119
C=0.1 | class_weight=balanced | tol=10 | degree=1 | gamma=0.01 | coef0=0,0.1,balanced,10.0,1,0.01,0,3,0.4462055715658021,0.19909941209636414,0.4462055715658021,0.27534040251386926,0.5,0.30541413940080153
C=0.1 | class_weight=balanced | tol=10 | degree=1 | gamma=0.01 | coef0=0,0.1,balanced,10.0,1,0.01,0,4,0.44668587896253603,0.19952827446453336,0.44668587896253603,0.2758418774469844,0.5,0.30563191566521886
C=0.1 | class_weight=balanced | tol=10 | degree=1 | gamma=0.01 | coef0=0,0.1,balanced,10.0,1,0.01,0,5,0.44690052859202306,0.19972008245582962,0.44690052859202306,0.2760660854138701,0.5,0.30584005166997996
C=0.1 | class_weight=balanced | tol=10 | degree=1 | gamma=0.01 | coef0=3,0.1,balanced,10.0,1,0.01,3,1,0.44668587896253603,0.19952827446453336,0.44668587896253603,0.2758418774469844,0.5,0.30576018219383744
C=0.1 | class_weight=balanced | tol=10 | degree=1 | gamma=0.01 | coef0=3,0.1,balanced,10.0,1,0.01,3,2,0.44668587896253603,0.19952827446453336,0.44668587896253603,0.2758418774469844,0.5,0.3059502750348119
C=0.1 | class_weight=balanced | tol=10 | degree=1 | gamma=0.01 | coef0=3,0.1,balanced,10.0,1,0.01,3,3,0.4462055715658021,0.19909941209636414,0.4462055715658021,0.27534040251386926,0.5,0.30541413940080153
C=0.1 | class_weight=balanced | tol=10 | degree=1 | gamma=0.01 | coef0=3,0.1,balanced,10.0,1,0.01,3,4,0.44668587896253603,0.19952827446453336,0.44668587896253603,0.2758418774469844,0.5,0.30563191566521886
C=0.1 | class_weight=balanced | tol=10 | degree=1 | gamma=0.01 | coef0=3,0.1,balanced,10.0,1,0.01,3,5,0.44690052859202306,0.19972008245582962,0.44690052859202306,0.2760660854138701,0.5,0.30584005166997996
C=0.1 | class_weight=balanced | tol=10 | degree=1 | gamma=0.5 | coef0=0,0.1,balanced,10.0,1,0.5,0,1,0.44668587896253603,0.19952827446453336,0.44668587896253603,0.2758418774469844,0.5,0.30576018219383744
C=0.1 | class_weight=balanced | tol=10 | degree=1 | gamma=0.5 | coef0=0,0.1,balanced,10.0,1,0.5,0,2,0.44668587896253603,0.19952827446453336,0.44668587896253603,0.2758418774469844,0.5,0.3059502750348119
C=0.1 | class_weight=balanced | tol=10 | degree=1 | gamma=0.5 | coef0=0,0.1,balanced,10.0,1,0.5,0,3,0.4462055715658021,0.19909941209636414,0.4462055715658021,0.27534040251386926,0.5,0.30541413940080153
C=0.1 | class_weight=balanced | tol=10 | degree=1 | gamma=0.5 | coef0=0,0.1,balanced,10.0,1,0.5,0,4,0.44668587896253603,0.19952827446453336,0.44668587896253603,0.2758418774469844,0.5,0.30563191566521886
C=0.1 | class_weight=balanced | tol=10 | degree=1 | gamma=0.5 | coef0=0,0.1,balanced,10.0,1,0.5,0,5,0.44690052859202306,0.19972008245582962,0.44690052859202306,0.2760660854138701,0.5,0.30584005166997996
C=0.1 | class_weight=balanced | tol=10 | degree=1 | gamma=0.5 | coef0=3,0.1,balanced,10.0,1,0.5,3,1,0.44668587896253603,0.19952827446453336,0.44668587896253603,0.2758418774469844,0.5,0.30576018219383744
C=0.1 | class_weight=balanced | tol=10 | degree=1 | gamma=0.5 | coef0=3,0.1,balanced,10.0,1,0.5,3,2,0.44668587896253603,0.19952827446453336,0.44668587896253603,0.2758418774469844,0.5,0.3059502750348119
C=0.1 | class_weight=balanced | tol=10 | degree=1 | gamma=0.5 | coef0=3,0.1,balanced,10.0,1,0.5,3,3,0.4462055715658021,0.19909941209636414,0.4462055715658021,0.27534040251386926,0.5,0.30541413940080153
C=0.1 | class_weight=balanced | tol=10 | degree=1 | gamma=0.5 | coef0=3,0.1,balanced,10.0,1,0.5,3,4,0.44668587896253603,0.19952827446453336,0.44668587896253603,0.2758418774469844,0.5,0.30563191566521886
C=0.1 | class_weight=balanced | tol=10 | degree=1 | gamma=0.5 | coef0=3,0.1,balanced,10.0,1,0.5,3,5,0.44690052859202306,0.19972008245582962,0.44690052859202306,0.2760660854138701,0.5,0.30584005166997996
C=0.1 | class_weight=balanced | tol=10 | degree=5 | gamma=0.01 | coef0=0,0.1,balanced,10.0,5,0.01,0,1,0.44668587896253603,0.19952827446453336,0.44668587896253603,0.2758418774469844,0.5,0.30576018219383744
C=0.1 | class_weight=balanced | tol=10 | degree=5 | gamma=0.01 | coef0=0,0.1,balanced,10.0,5,0.01,0,2,0.44668587896253603,0.19952827446453336,0.44668587896253603,0.2758418774469844,0.5,0.3059502750348119
C=0.1 | class_weight=balanced | tol=10 | degree=5 | gamma=0.01 | coef0=0,0.1,balanced,10.0,5,0.01,0,3,0.4462055715658021,0.19909941209636414,0.4462055715658021,0.27534040251386926,0.5,0.30541413940080153
C=0.1 | class_weight=balanced | tol=10 | degree=5 | gamma=0.01 | coef0=0,0.1,balanced,10.0,5,0.01,0,4,0.44668587896253603,0.19952827446453336,0.44668587896253603,0.2758418774469844,0.5,0.30563191566521886
C=0.1 | class_weight=balanced | tol=10 | degree=5 | gamma=0.01 | coef0=0,0.1,balanced,10.0,5,0.01,0,5,0.44690052859202306,0.19972008245582962,0.44690052859202306,0.2760660854138701,0.5,0.30584005166997996
C=0.1 | class_weight=balanced | tol=10 | degree=5 | gamma=0.01 | coef0=3,0.1,balanced,10.0,5,0.01,3,1,0.44668587896253603,0.19952827446453336,0.44668587896253603,0.2758418774469844,0.5,0.30576018219383744
C=0.1 | class_weight=balanced | tol=10 | degree=5 | gamma=0.01 | coef0=3,0.1,balanced,10.0,5,0.01,3,2,0.44668587896253603,0.19952827446453336,0.44668587896253603,0.2758418774469844,0.5,0.3059502750348119
C=0.1 | class_weight=balanced | tol=10 | degree=5 | gamma=0.01 | coef0=3,0.1,balanced,10.0,5,0.01,3,3,0.4462055715658021,0.19909941209636414,0.4462055715658021,0.27534040251386926,0.5,0.30541413940080153
C=0.1 | class_weight=balanced | tol=10 | degree=5 | gamma=0.01 | coef0=3,0.1,balanced,10.0,5,0.01,3,4,0.44668587896253603,0.19952827446453336,0.44668587896253603,0.2758418774469844,0.5,0.30563191566521886
C=0.1 | class_weight=balanced | tol=10 | degree=5 | gamma=0.01 | coef0=3,0.1,balanced,10.0,5,0.01,3,5,0.44690052859202306,0.19972008245582962,0.44690052859202306,0.2760660854138701,0.5,0.30584005166997996
C=0.1 | class_weight=balanced | tol=10 | degree=5 | gamma=0.5 | coef0=0,0.1,balanced,10.0,5,0.5,0,1,0.44668587896253603,0.19952827446453336,0.44668587896253603,0.2758418774469844,0.5,0.30576018219383744
C=0.1 | class_weight=balanced | tol=10 | degree=5 | gamma=0.5 | coef0=0,0.1,balanced,10.0,5,0.5,0,2,0.44668587896253603,0.19952827446453336,0.44668587896253603,0.2758418774469844,0.5,0.3059502750348119
C=0.1 | class_weight=balanced | tol=10 | degree=5 | gamma=0.5 | coef0=0,0.1,balanced,10.0,5,0.5,0,3,0.4462055715658021,0.19909941209636414,0.4462055715658021,0.27534040251386926,0.5,0.30541413940080153
C=0.1 | class_weight=balanced | tol=10 | degree=5 | gamma=0.5 | coef0=0,0.1,balanced,10.0,5,0.5,0,4,0.44668587896253603,0.19952827446453336,0.44668587896253603,0.2758418774469844,0.5,0.30563191566521886
C=0.1 | class_weight=balanced | tol=10 | degree=5 | gamma=0.5 | coef0=0,0.1,balanced,10.0,5,0.5,0,5,0.44690052859202306,0.19972008245582962,0.44690052859202306,0.2760660854138701,0.5,0.30584005166997996
C=0.1 | class_weight=balanced | tol=10 | degree=5 | gamma=0.5 | coef0=3,0.1,balanced,10.0,5,0.5,3,1,0.44668587896253603,0.19952827446453336,0.44668587896253603,0.2758418774469844,0.5,0.30576018219383744
C=0.1 | class_weight=balanced | tol=10 | degree=5 | gamma=0.5 | coef0=3,0.1,balanced,10.0,5,0.5,3,2,0.44668587896253603,0.19952827446453336,0.44668587896253603,0.2758418774469844,0.5,0.3059502750348119
C=0.1 | class_weight=balanced | tol=10 | degree=5 | gamma=0.5 | coef0=3,0.1,balanced,10.0,5,0.5,3,3,0.4462055715658021,0.19909941209636414,0.4462055715658021,0.27534040251386926,0.5,0.30541413940080153
C=0.1 | class_weight=balanced | tol=10 | degree=5 | gamma=0.5 | coef0=3,0.1,balanced,10.0,5,0.5,3,4,0.44668587896253603,0.19952827446453336,0.44668587896253603,0.2758418774469844,0.5,0.30563191566521886
C=0.1 | class_weight=balanced | tol=10 | degree=5 | gamma=0.5 | coef0=3,0.1,balanced,10.0,5,0.5,3,5,0.44690052859202306,0.19972008245582962,0.44690052859202306,0.2760660854138701,0.5,0.30584005166997996
C=0.1 | class_weight=None | tol=0.1 | degree=1 | gamma=0.01 | coef0=0,0.1,,0.1,1,0.01,0,1,0.44668587896253603,0.19952827446453336,0.44668587896253603,0.2758418774469844,0.5873933241418668,0.3535334056064508
C=0.1 | class_weight=None | tol=0.1 | degree=1 | gamma=0.01 | coef0=0,0.1,,0.1,1,0.01,0,2,0.44668587896253603,0.19952827446453336,0.44668587896253603,0.2758418774469844,0.6504950237964993,0.422443605332188
C=0.1 | class_weight=None | tol=0.1 | degree=1 | gamma=0.01 | coef0=0,0.1,,0.1,1,0.01,0,3,0.45821325648414984,0.39202717207782606,0.45821325648414984,0.3038723173814529,0.6189350502464577,0.36628525989241906
C=0.1 | class_weight=None | tol=0.1 | degree=1 | gamma=0.01 | coef0=0,0.1,,0.1,1,0.01,0,4,0.44668587896253603,0.19952827446453336,0.44668587896253603,0.2758418774469844,0.6569556491212166,0.4125486363665605
C=0.1 | class_weight=None | tol=0.1 | degree=1 | gamma=0.01 | coef0=0,0.1,,0.1,1,0.01,0,5,0.45314752522825563,0.328266002750667,0.45314752522825563,0.3112340298421225,0.6609406704703021,0.4258161472237426
C=0.1 | class_weight=None | tol=0.1 | degree=1 | gamma=0.01 | coef0=3,0.1,,0.1,1,0.01,3,1,0.44668587896253603,0.19952827446453336,0.44668587896253603,0.2758418774469844,0.5862410184614486,0.35171414166705445
C=0.1 | class_weight=None | tol=0.1 | degree=1 | gamma=0.01 | coef0=3,0.1,,0.1,1,0.01,3,2,0.44668587896253603,0.19952827446453336,0.44668587896253603,0.2758418774469844,0.6531739144138966,0.425546291455403
C=0.1 | class_weight=None | tol=0.1 | degree=1 | gamma=0.01 | coef0=3,0.1,,0.1,1,0.01,3,3,0.45821325648414984,0.39202717207782606,0.45821325648414984,0.3038723173814529,0.6176338845306499,0.36251087331816595
C=0.1 | class_weight=None | tol=0.1 | degree=1 | gamma=0.01 | coef0=3,0.1,,0.1,1,0.01,3,4,0.44668587896253603,0.19952827446453336,0.44668587896253603,0.2758418774469844,0.6619745204458627,0.4162588116228058
C=0.1 | class_weight=None | tol=0.1 | degree=1 | gamma=0.01 | coef0=3,0.1,,0.1,1,0.01,3,5,0.4541086016338299,0.32544200902089593,0.4541086016338299,0.31670564022557623,0.6603103723499912,0.42530578731140145
C=0.1 | class_weight=None | tol=0.1 | degree=1 | gamma=0.5 | coef0=0,0.1,,0.1,1,0.5,0,1,0.45244956772334294,0.2926443765195265,0.45244956772334294,0.33803822678355677,0.695914474049118,0.45986420936232897
C=0.1 | class_weight=None | tol=0.1 | degree=1 | gamma=0.5 | coef0=0,0.1,,0.1,1,0.5,0,2,0.45004803073967337,0.28511183327542394,0.45004803073967337,0.33283985190406373,0.6890590658671247,0.46731132636712513
C=0.1 | class_weight=None | tol=0.1 | degree=1 | gamma=0.5 | coef0=0,0.1,,0.1,1,0.5,0,3,0.4457252641690682,0.28029305865258963,0.4457252641690682,0.3289451937497124,0.6689468845559072,0.4389679021697561
C=0.1 | class_weight=None | tol=0.1 | degree=1 | gamma=0.5 | coef0=0,0.1,,0.1,1,0.5,0,4,0.4510086455331412,0.2889884815164509,0.4510086455331412,0.3323528407821996,0.6861863464381148,0.45144990779155675
C=0.1 | class_weight=None | tol=0.1 | degree=1 | gamma=0.5 | coef0=0,0.1,,0.1,1,0.5,0,5,0.4435367611725132,0.2817216512728547,0.4435367611725132,0.32846799223228956,0.6752545553401277,0.44931104181723414
C=0.1 | class_weight=None | tol=0.1 | degree=1 | gamma=0.5 | coef0=3,0.1,,0.1,1,0.5,3,1,0.45244956772334294,0.2926443765195265,0.45244956772334294,0.33803822678355677,0.6954058335717431,0.45812910236280613
C=0.1 | class_weight=None | tol=0.1 | degree=1 | gamma=0.5 | coef0=3,0.1,,0.1,1,0.5,3,2,0.45004803073967337,0.28511183327542394,0.45004803073967337,0.33283985190406373,0.6887065142939917,0.46744234805753104
C=0.1 | class_weight=None | tol=0.1 | degree=1 | gamma=0.5 | coef0=3,0.1,,0.1,1,0.5,3,3,0.4452449567723343,0.27990523782551296,0.4452449567723343,0.3286434257131613,0.6717822921188896,0.43800517693717955
C=0.1 | class_weight=None | tol=0.1 | degree=1 | gamma=0.5 | coef0=3,0.1,,0.1,1,0.5,3,4,0.4510086455331412,0.2885751409665956,0.4510086455331412,0.33238851210028375,0.6865274396008174,0.4512210639903442
C=0.1 | class_weight=None | tol=0.1 | degree=1 | gamma=0.5 | coef0=3,0.1,,0.1,1,0.5,3,5,0.4435367611725132,0.28141107920717895,0.4435367611725132,0.3285112830684654,0.674498838859155,0.44796241199308773
C=0.1 | class_weight=None | tol=0.1 | degree=5 | gamma=0.01 | coef0=0,0.1,,0.1,5,0.01,0,1,0.44668587896253603,0.19952827446453336,0.44668587896253603,0.2758418774469844,0.6111408232867697,0.4038590309050781
C=0.1 | class_weight=None | tol=0.1 | degree=5 | gamma=0.01 | coef0=0,0.1,,0.1,5,0.01,0,2,0.44668587896253603,0.19952827446453336,0.44668587896253603,0.2758418774469844,0.5946898282619029,0.38997523227094105
C=0.1 | class_weight=None | tol=0.1 | degree=5 | gamma=0.01 | coef0=0,0.1,,0.1,5,0.01,0,3,0.4462055715658021,0.19909941209636414,0.4462055715658021,0.27534040251386926,0.593976451234648,0.3908547837153243
C=0.1 | class_weight=None | tol=0.1 | degree=5 | gamma=0.01 | coef0=0,0.1,,0.1,5,0.01,0,4,0.44668587896253603,0.19952827446453336,0.44668587896253603,0.2758418774469844,0.6151722121903775,0.40014871466754376
C=0.1 | class_weight=None | tol=0.1 | degree=5 | gamma=0.01 | coef0=0,0.1,,0.1,5,0.01,0,5,0.44690052859202306,0.19972008245582962,0.44690052859202306,0.2760660854138701,0.5572959622786848,0.36260951825736676
C=0.1 | class_weight=None | tol=0.1 | degree=5 | gamma=0.01 | coef0=3,0.1,,0.1,5,0.01,3,1,0.6709894332372719,0.676990693601451,0.6709894332372719,0.658782112212179,0.8641325292784433,0.7359180462126157
C=0.1 | class_weight=None | tol=0.1 | degree=5 | gamma=0.01 | coef0=3,0.1,,0.1,5,0.01,3,2,0.6695485110470701,0.6683226386423806,0.6695485110470701,0.6564266851682764,0.8722788876266926,0.7465230264322208
C=0.1 | class_weight=None | tol=0.1 | degree=5 | gamma=0.01 | coef0=3,0.1,,0.1,5,0.01,3,3,0.6805955811719501,0.6877401436004166,0.6805955811719501,0.6671156190806519,0.8704643647408821,0.7436200816468078
C=0.1 | class_weight=None | tol=0.1 | degree=5 | gamma=0.01 | coef0=3,0.1,,0.1,5,0.01,3,4,0.6719500480307397,0.6754050616146272,0.6719500480307397,0.658972280667714,0.8618240999349605,0.7249163550408724
C=0.1 | class_weight=None | tol=0.1 | degree=5 | gamma=0.01 | coef0=3,0.1,,0.1,5,0.01,3,5,0.671792407496396,0.6763138406431662,0.671792407496396,0.6609819166378781,0.8587980431912866,0.7225182887407788
C=0.1 | class_weight=None | tol=0.1 | degree=5 | gamma=0.5 | coef0=0,0.1,,0.1,5,0.5,0,1,0.6551392891450528,0.6983914734968796,0.6551392891450528,0.6285510712591004,0.8666020408079435,0.7483728089185657
C=0.1 | class_weight=None | tol=0.1 | degree=5 | gamma=0.5 | coef0=0,0.1,,0.1,5,0.5,0,2,0.6498559077809798,0.6937602304704807,0.6498559077809798,0.6232752982946338,0.8593062294184098,0.7354319777217967
C=0.1 | class_weight=None | tol=0.1 | degree=5 | gamma=0.5 | coef0=0,0.1,,0.1,5,0.5,0,3,0.6532180595581172,0.6948209650572763,0.6532180595581172,0.624820517393955,0.8572338743708489,0.7311233030918511
C=0.1 | class_weight=None | tol=0.1 | degree=5 | gamma=0.5 | coef0=0,0.1,,0.1,5,0.5,0,4,0.6575408261287223,0.7050277612763323,0.6575408261287223,0.628371729948353,0.8612304778400818,0.7437687654306341
C=0.1 | class_weight=None | tol=0.1 | degree=5 | gamma=0.5 | coef0=0,0.1,,0.1,5,0.5,0,5,0.6549735703988467,0.7065609873959079,0.6549735703988467,0.6242889019363623,0.8563027695188796,0.7275590490065259
C=0.1 | class_weight=None | tol=0.1 | degree=5 | gamma=0.5 | coef0=3,0.1,,0.1,5,0.5,3,1,0.8741594620557157,0.8771459549948704,0.8741594620557157,0.8748632516197115,0.9805363338523843,0.951034311641106
C=0.1 | class_weight=None | tol=0.1 | degree=5 | gamma=0.5 | coef0=3,0.1,,0.1,5,0.5,3,2,0.8876080691642652,0.8916922337624238,0.8876080691642652,0.8882511703605469,0.9827631471974904,0.9570359003080806
C=0.1 | class_weight=None | tol=0.1 | degree=5 | gamma=0.5 | coef0=3,0.1,,0.1,5,0.5,3,3,0.8952929875120077,0.8965510757863039,0.8952929875120077,0.89559123023003,0.9845912355812381,0.9600250393013354
C=0.1 | class_weight=None | tol=0.1 | degree=5 | gamma=0.5 | coef0=3,0.1,,0.1,5,0.5,3,4,0.8876080691642652,0.8901198236519308,0.8876080691642652,0.8883138006652564,0.9838274997926947,0.9583025466210121
C=0.1 | class_weight=None | tol=0.1 | degree=5 | gamma=0.5 | coef0=3,0.1,,0.1,5,0.5,3,5,0.8601633829889476,0.8644277285795307,0.8601633829889476,0.86114378306837,0.9795560176111299,0.9474536923510172
C=0.1 | class_weight=None | tol=10 | degree=1 | gamma=0.01 | coef0=0,0.1,,10.0,1,0.01,0,1,0.44668587896253603,0.19952827446453336,0.44668587896253603,0.2758418774469844,0.5,0.30576018219383744
C=0.1 | class_weight=None | tol=10 | degree=1 | gamma=0.01 | coef0=0,0.1,,10.0,1,0.01,0,2,0.44668587896253603,0.19952827446453336,0.44668587896253603,0.2758418774469844,0.5,0.3059502750348119
C=0.1 | class_weight=None | tol=10 | degree=1 | gamma=0.01 | coef0=0,0.1,,10.0,1,0.01,0,3,0.4462055715658021,0.19909941209636414,0.4462055715658021,0.27534040251386926,0.5,0.30541413940080153
C=0.1 | class_weight=None | tol=10 | degree=1 | gamma=0.01 | coef0=0,0.1,,10.0,1,0.01,0,4,0.44668587896253603,0.19952827446453336,0.44668587896253603,0.2758418774469844,0.5,0.30563191566521886
C=0.1 | class_weight=None | tol=10 | degree=1 | gamma=0.01 | coef0=0,0.1,,10.0,1,0.01,0,5,0.44690052859202306,0.19972008245582962,0.44690052859202306,0.2760660854138701,0.5,0.30584005166997996
C=0.1 | class_weight=None | tol=10 | degree=1 | gamma=0.01 | coef0=3,0.1,,10.0,1,0.01,3,1,0.44668587896253603,0.19952827446453336,0.44668587896253603,0.2758418774469844,0.5,0.30576018219383744
C=0.1 | class_weight=None | tol=10 | degree=1 | gamma=0.01 | coef0=3,0.1,,10.0,1,0.01,3,2,0.44668587896253603,0.19952827446453336,0.44668587896253603,0.2758418774469844,0.5,0.3059502750348119
C=0.1 | class_weight=None | tol=10 | degree=1 | gamma=0.01 | coef0=3,0.1,,10.0,1,0.01,3,3,0.4462055715658021,0.19909941209636414,0.4462055715658021,0.27534040251386926,0.5,0.30541413940080153
C=0.1 | class_weight=None | tol=10 | degree=1 | gamma=0.01 | coef0=3,0.1,,10.0,1,0.01,3,4,0.44668587896253603,0.19952827446453336,0.44668587896253603,0.2758418774469844,0.5,0.30563191566521886
C=0.1 | class_weight=None | tol=10 | degree=1 | gamma=0.01 | coef0=3,0.1,,10.0,1,0.01,3,5,0.44690052859202306,0.19972008245582962,0.44690052859202306,0.2760660854138701,0.5,0.30584005166997996
C=0.1 | class_weight=None | tol=10 | degree=1 | gamma=0.5 | coef0=0,0.1,,10.0,1,0.5,0,1,0.44668587896253603,0.19952827446453336,0.44668587896253603,0.2758418774469844,0.5,0.30576018219383744
C=0.1 | class_weight=None | tol=10 | degree=1 | gamma=0.5 | coef0=0,0.1,,10.0,1,0.5,0,2,0.44668587896253603,0.19952827446453336,0.44668587896253603,0.2758418774469844,0.5,0.3059502750348119
C=0.1 | class_weight=None | tol=10 | degree=1 | gamma=0.5 | coef0=0,0.1,,10.0,1,0.5,0,3,0.4462055715658021,0.19909941209636414,0.4462055715658021,0.27534040251386926,0.5,0.30541413940080153
C=0.1 | class_weight=None | tol=10 | degree=1 | gamma=0.5 | coef0=0,0.1,,10.0,1,0.5,0,4,0.44668587896253603,0.19952827446453336,0.44668587896253603,0.2758418774469844,0.5,0.30563191566521886
C=0.1 | class_weight=None | tol=10 | degree=1 | gamma=0.5 | coef0=0,0.1,,10.0,1,0.5,0,5,0.44690052859202306,0.19972008245582962,0.44690052859202306,0.2760660854138701,0.5,0.30584005166997996
C=0.1 | class_weight=None | tol=10 | degree=1 | gamma=0.5 | coef0=3,0.1,,10.0,1,0.5,3,1,0.44668587896253603,0.19952827446453336,0.44668587896253603,0.2758418774469844,0.5,0.30576018219383744
C=0.1 | class_weight=None | tol=10 | degree=1 | gamma=0.5 | coef0=3,0.1,,10.0,1,0.5,3,2,0.44668587896253603,0.19952827446453336,0.44668587896253603,0.2758418774469844,0.5,0.3059502750348119
C=0.1 | class_weight=None | tol=10 | degree=1 | gamma=0.5 | coef0=3,0.1,,10.0,1,0.5,3,3,0.4462055715658021,0.19909941209636414,0.4462055715658021,0.27534040251386926,0.5,0.30541413940080153
C=0.1 | class_weight=None | tol=10 | degree=1 | gamma=0.5 | coef0=3,0.1,,10.0,1,0.5,3,4,0.44668587896253603,0.19952827446453336,0.44668587896253603,0.2758418774469844,0.5,0.30563191566521886
C=0.1 | class_weight=None | tol=10 | degree=1 | gamma=0.5 | coef0=3,0.1,,10.0,1,0.5,3,5,0.44690052859202306,0.19972008245582962,0.44690052859202306,0.2760660854138701,0.5,0.30584005166997996
C=0.1 | class_weight=None | tol=10 | degree=5 | gamma=0.01 | coef0=0,0.1,,10.0,5,0.01,0,1,0.44668587896253603,0.19952827446453336,0.44668587896253603,0.2758418774469844,0.5,0.30576018219383744
C=0.1 | class_weight=None | tol=10 | degree=5 | gamma=0.01 | coef0=0,0.1,,10.0,5,0.01,0,2,0.44668587896253603,0.19952827446453336,0.44668587896253603,0.2758418774469844,0.5,0.3059502750348119
C=0.1 | class_weight=None | tol=10 | degree=5 | gamma=0.01 | coef0=0,0.1,,10.0,5,0.01,0,3,0.4462055715658021,0.19909941209636414,0.4462055715658021,0.27534040251386926,0.5,0.30541413940080153
C=0.1 | class_weight=None | tol=10 | degree=5 | gamma=0.01 | coef0=0,0.1,,10.0,5,0.01,0,4,0.44668587896253603,0.19952827446453336,0.44668587896253603,0.2758418774469844,0.5,0.30563191566521886
C=0.1 | class_weight=None | tol=10 | degree=5 | gamma=0.01 | coef0=0,0.1,,10.0,5,0.01,0,5,0.44690052859202306,0.19972008245582962,0.44690052859202306,0.2760660854138701,0.5,0.30584005166997996
C=0.1 | class_weight=None | tol=10 | degree=5 | gamma=0.01 | coef0=3,0.1,,10.0,5,0.01,3,1,0.44668587896253603,0.19952827446453336,0.44668587896253603,0.2758418774469844,0.5,0.30576018219383744
C=0.1 | class_weight=None | tol=10 | degree=5 | gamma=0.01 | coef0=3,0.1,,10.0,5,0.01,3,2,0.44668587896253603,0.19952827446453336,0.44668587896253603,0.2758418774469844,0.5,0.3059502750348119
C=0.1 | class_weight=None | tol=10 | degree=5 | gamma=0.01 | coef0=3,0.1,,10.0,5,0.01,3,3,0.4462055715658021,0.19909941209636414,0.4462055715658021,0.27534040251386926,0.5,0.30541413940080153
C=0.1 | class_weight=None | tol=10 | degree=5 | gamma=0.01 | coef0=3,0.1,,10.0,5,0.01,3,4,0.44668587896253603,0.19952827446453336,0.44668587896253603,0.2758418774469844,0.5,0.30563191566521886
C=0.1 | class_weight=None | tol=10 | degree=5 | gamma=0.01 | coef0=3,0.1,,10.0,5,0.01,3,5,0.44690052859202306,0.19972008245582962,0.44690052859202306,0.2760660854138701,0.5,0.30584005166997996
C=0.1 | class_weight=None | tol=10 | degree=5 | gamma=0.5 | coef0=0,0.1,,10.0,5,0.5,0,1,0.44668587896253603,0.19952827446453336,0.44668587896253603,0.2758418774469844,0.5,0.30576018219383744
C=0.1 | class_weight=None | tol=10 | degree=5 | gamma=0.5 | coef0=0,0.1,,10.0,5,0.5,0,2,0.44668587896253603,0.19952827446453336,0.44668587896253603,0.2758418774469844,0.5,0.3059502750348119
C=0.1 | class_weight=None | tol=10 | degree=5 | gamma=0.5 | coef0=0,0.1,,10.0,5,0.5,0,3,0.4462055715658021,0.19909941209636414,0.4462055715658021,0.27534040251386926,0.5,0.30541413940080153
C=0.1 | class_weight=None | tol=10 | degree=5 | gamma=0.5 | coef0=0,0.1,,10.0,5,0.5,0,4,0.44668587896253603,0.19952827446453336,0.44668587896253603,0.2758418774469844,0.5,0.30563191566521886
C=0.1 | class_weight=None | tol=10 | degree=5 | gamma=0.5 | coef0=0,0.1,,10.0,5,0.5,0,5,0.44690052859202306,0.19972008245582962,0.44690052859202306,0.2760660854138701,0.5,0.30584005166997996
C=0.1 | class_weight=None | tol=10 | degree=5 | gamma=0.5 | coef0=3,0.1,,10.0,5,0.5,3,1,0.44668587896253603,0.19952827446453336,0.44668587896253603,0.2758418774469844,0.5,0.30576018219383744
C=0.1 | class_weight=None | tol=10 | degree=5 | gamma=0.5 | coef0=3,0.1,,10.0,5,0.5,3,2,0.44668587896253603,0.19952827446453336,0.44668587896253603,0.2758418774469844,0.5,0.3059502750348119
C=0.1 | class_weight=None | tol=10 | degree=5 | gamma=0.5 | coef0=3,0.1,,10.0,5,0.5,3,3,0.4462055715658021,0.19909941209636414,0.4462055715658021,0.27534040251386926,0.5,0.30541413940080153
C=0.1 | class_weight=None | tol=10 | degree=5 | gamma=0.5 | coef0=3,0.1,,10.0,5,0.5,3,4,0.44668587896253603,0.19952827446453336,0.44668587896253603,0.2758418774469844,0.5,0.30563191566521886
C=0.1 | class_weight=None | tol=10 | degree=5 | gamma=0.5 | coef0=3,0.1,,10.0,5,0.5,3,5,0.44690052859202306,0.19972008245582962,0.44690052859202306,0.2760660854138701,0.5,0.30584005166997996
C=1 | class_weight=balanced | tol=0.1 | degree=1 | gamma=0.01 | coef0=0,1.0,balanced,0.1,1,0.01,0,1,0.3559077809798271,0.47618032424386375,0.3559077809798271,0.33599234890686414,0.6820381767156293,0.4527531456796678
C=1 | class_weight=balanced | tol=0.1 | degree=1 | gamma=0.01 | coef0=0,1.0,balanced,0.1,1,0.01,0,2,0.36359269932756966,0.519191811195472,0.36359269932756966,0.35097009956351854,0.6921359580616376,0.47227379544311204
C=1 | class_weight=balanced | tol=0.1 | degree=1 | gamma=0.01 | coef0=0,1.0,balanced,0.1,1,0.01,0,3,0.3621517771373679,0.5143026727568742,0.3621517771373679,0.3449129987771295,0.6684255438655998,0.4467267267466009
C=1 | class_weight=balanced | tol=0.1 | degree=1 | gamma=0.01 | coef0=0,1.0,balanced,0.1,1,0.01,0,4,0.3664745437079731,0.4938709823096922,0.3664745437079731,0.3431113221785821,0.6822942229689488,0.45848083482283114
C=1 | class_weight=balanced | tol=0.1 | degree=1 | gamma=0.01 | coef0=0,1.0,balanced,0.1,1,0.01,0,5,0.3565593464680442,0.4919593352758486,0.3565593464680442,0.331466421609707,0.6716559779614706,0.4465189577714567
C=1 | class_weight=balanced | tol=0.1 | degree=1 | gamma=0.01 | coef0=3,1.0,balanced,0.1,1,0.01,3,1,0.35686839577329493,0.4784252654597405,0.35686839577329493,0.33592584943655523,0.6824217000730577,0.4526253688653832
C=1 | class_weight=balanced | tol=0.1 | degree=1 | gamma=0.01 | coef0=3,1.0,balanced,0.1,1,0.01,3,2,0.3645533141210375,0.5284519461541741,0.3645533141210375,0.3495867482987724,0.6917355797234692,0.47191133193648843
C=1 | class_weight=balanced | tol=0.1 | degree=1 | gamma=0.01 | coef0=3,1.0,balanced,0.1,1,0.01,3,3,0.36359269932756966,0.5067445872497593,0.36359269932756966,0.34911377075123956,0.6684932074515575,0.4470076885611083
C=1 | class_weight=balanced | tol=0.1 | degree=1 | gamma=0.01 | coef0=3,1.0,balanced,0.1,1,0.01,3,4,0.36839577329490875,0.49564108941124946,0.36839577329490875,0.3467784539053507,0.6830117108214129,0.45766452742538855
C=1 | class_weight=balanced | tol=0.1 | degree=1 | gamma=0.01 | coef0=3,1.0,balanced,0.1,1,0.01,3,5,0.35607880826525706,0.4981861348214248,0.35607880826525706,0.3320603204506594,0.672104291118006,0.44614034865833446
C=1 | class_weight=balanced | tol=0.1 | degree=1 | gamma=0.5 | coef0=0,1.0,balanced,0.1,1,0.5,0,1,0.3573487031700288,0.4911448403047275,0.3573487031700288,0.33609817015210125,0.6813599817493029,0.4551720972745967
C=1 | class_weight=balanced | tol=0.1 | degree=1 | gamma=0.5 | coef0=0,1.0,balanced,0.1,1,0.5,0,2,0.3664745437079731,0.5421586453546745,0.3664745437079731,0.3515006828384996,0.6917490408520344,0.47463936171356513
C=1 | class_weight=balanced | tol=0.1 | degree=1 | gamma=0.5 | coef0=0,1.0,balanced,0.1,1,0.5,0,3,0.3664745437079731,0.5276937156332705,0.3664745437079731,0.35258186898949284,0.6692985621707419,0.44999787451138873
C=1 | class_weight=balanced | tol=0.1 | degree=1 | gamma=0.5 | coef0=0,1.0,balanced,0.1,1,0.5,0,4,0.3688760806916426,0.5063137718110589,0.3688760806916426,0.34707890448796824,0.6805007045859119,0.46016904119841573
C=1 | class_weight=balanced | tol=0.1 | degree=1 | gamma=0.5 | coef0=0,1.0,balanced,0.1,1,0.5,0,5,0.3589620374819798,0.49756132314751017,0.3589620374819798,0.33236212209077337,0.6700951950866102,0.4475844283228684
C=1 | class_weight=balanced | tol=0.1 | degree=1 | gamma=0.5 | coef0=3,1.0,balanced,0.1,1,0.5,3,1,0.35782901056676275,0.4911330343360068,0.35782901056676275,0.336451716316797,0.6813539435210171,0.4549177977281211
C=1 | class_weight=balanced | tol=0.1 | degree=1 | gamma=0.5 | coef0=3,1.0,balanced,0.1,1,0.5,3,2,0.37079731027857826,0.5435455614534458,0.37079731027857826,0.3556446551153554,0.691137471696649,0.4746089399508996
C=1 | class_weight=balanced | tol=0.1 | degree=1 | gamma=0.5 | coef0=3,1.0,balanced,0.1,1,0.5,3,3,0.3664745437079731,0.5280635216255918,0.3664745437079731,0.3533235761720399,0.6694701069013138,0.4499150309195931
C=1 | class_weight=balanced | tol=0.1 | degree=1 | gamma=0.5 | coef0=3,1.0,balanced,0.1,1,0.5,3,4,0.37175792507204614,0.5092071665849917,0.37175792507204614,0.34872039178371217,0.6811343511956649,0.4608098527305687
C=1 | class_weight=balanced | tol=0.1 | degree=1 | gamma=0.5 | coef0=3,1.0,balanced,0.1,1,0.5,3,5,0.3589620374819798,0.49912465799648303,0.3589620374819798,0.3319055138820296,0.6703248241499966,0.4477565024879213
C=1 | class_weight=balanced | tol=0.1 | degree=5 | gamma=0.01 | coef0=0,1.0,balanced,0.1,5,0.01,0,1,0.09606147934678194,0.01217287000188057,0.09606147934678194,0.020159133918719714,0.6679423554850971,0.470295673174883
C=1 | class_weight=balanced | tol=0.1 | degree=5 | gamma=0.01 | coef0=0,1.0,balanced,0.1,5,0.01,0,2,0.0989433237271854,0.23478402695944028,0.0989433237271854,0.02402254447178985,0.673758683249686,0.4721689975313081
C=1 | class_weight=balanced | tol=0.1 | degree=5 | gamma=0.01 | coef0=0,1.0,balanced,0.1,5,0.01,0,3,0.24495677233429394,0.29670116363700344,0.24495677233429394,0.13990854586043466,0.6576037096163995,0.4566001726030464
C=1 | class_weight=balanced | tol=0.1 | degree=5 | gamma=0.01 | coef0=0,1.0,balanced,0.1,5,0.01,0,4,0.4687800192122959,0.4743658927949389,0.4687800192122959,0.3444233933855799,0.6628505269757605,0.4633323923299502
C=1 | class_weight=balanced | tol=0.1 | degree=5 | gamma=0.01 | coef0=0,1.0,balanced,0.1,5,0.01,0,5,0.09706871696299856,0.23643996816024765,0.09706871696299856,0.023256033818095646,0.6572923873258224,0.46071685853174654
C=1 | class_weight=balanced | tol=0.1 | degree=5 | gamma=0.01 | coef0=3,1.0,balanced,0.1,5,0.01,3,1,0.6705091258405379,0.7505031751685238,0.6705091258405379,0.6697226977665288,0.896236283050735,0.7910227677374121
C=1 | class_weight=balanced | tol=0.1 | degree=5 | gamma=0.01 | coef0=3,1.0,balanced,0.1,5,0.01,3,2,0.6801152737752162,0.7715534764371471,0.6801152737752162,0.6794006630306219,0.909419697272695,0.809281051898207
C=1 | class_weight=balanced | tol=0.1 | degree=5 | gamma=0.01 | coef0=3,1.0,balanced,0.1,5,0.01,3,3,0.6902017291066282,0.7740655837986995,0.6902017291066282,0.6907393367445465,0.9108017417064321,0.8115595734225548
C=1 | class_weight=balanced | tol=0.1 | degree=5 | gamma=0.01 | coef0=3,1.0,balanced,0.1,5,0.01,3,4,0.6762728146013448,0.7621476664050375,0.6762728146013448,0.6744143448181847,0.9028438043809821,0.7932263528794311
C=1 | class_weight=balanced | tol=0.1 | degree=5 | gamma=0.01 | coef0=3,1.0,balanced,0.1,5,0.01,3,5,0.6737145603075444,0.7604613045293961,0.6737145603075444,0.6737868244908122,0.8937032653996555,0.7817109727305225
C=1 | class_weight=balanced | tol=0.1 | degree=5 | gamma=0.5 | coef0=0,1.0,balanced,0.1,5,0.5,0,1,0.6215177713736791,0.7507463494299035,0.6215177713736791,0.6270413287989756,0.8751861588951952,0.7452775339880944
C=1 | class_weight=balanced | tol=0.1 | degree=5 | gamma=0.5 | coef0=0,1.0,balanced,0.1,5,0.5,0,2,0.6109510086455331,0.7397548927507148,0.6109510086455331,0.6163794289251905,0.8676990946029591,0.7356344385226973
C=1 | class_weight=balanced | tol=0.1 | degree=5 | gamma=0.5 | coef0=0,1.0,balanced,0.1,5,0.5,0,3,0.6051873198847262,0.7594414718274608,0.6051873198847262,0.6106516326781385,0.8701465921981469,0.7329052513178151
C=1 | class_weight=balanced | tol=0.1 | degree=5 | gamma=0.5 | coef0=0,1.0,balanced,0.1,5,0.5,0,4,0.6085494716618636,0.768960058283155,0.6085494716618636,0.6134292093666485,0.8691336797864414,0.7402781816619605
C=1 | class_weight=balanced | tol=0.1 | degree=5 | gamma=0.5 | coef0=0,1.0,balanced,0.1,5,0.5,0,5,0.5977895242671792,0.7522878704021947,0.5977895242671792,0.6032627206942808,0.8686526859153587,0.7362521478463314
C=1 | class_weight=balanced | tol=0.1 | degree=5 | gamma=0.5 | coef0=3,1.0,balanced,0.1,5,0.5,3,1,0.8717579250720461,0.887137802373254,0.8717579250720461,0.8740427868580755,0.9828304014058312,0.9535071101791679
C=1 | class_weight=balanced | tol=0.1 | degree=5 | gamma=0.5 | coef0=3,1.0,balanced,0.1,5,0.5,3,2,0.8804034582132565,0.896136078658679,0.8804034582132565,0.8831044259151568,0.982909430298495,0.9575271040452652
C=1 | class_weight=balanced | tol=0.1 | degree=5 | gamma=0.5 | coef0=3,1.0,balanced,0.1,5,0.5,3,3,0.8876080691642652,0.8987091825473096,0.8876080691642652,0.8897686242148382,0.9842943686044898,0.9588983230118896
C=1 | class_weight=balanced | tol=0.1 | degree=5 | gamma=0.5 | coef0=3,1.0,balanced,0.1,5,0.5,3,4,0.8722382324687801,0.8923944782810731,0.8722382324687801,0.875370140711928,0.9853847938211289,0.9605403905909906
C=1 | class_weight=balanced | tol=0.1 | degree=5 | gamma=0.5 | coef0=3,1.0,balanced,0.1,5,0.5,3,5,0.8721768380586257,0.8861320564003184,0.8721768380586257,0.8747169601742766,0.9821071136349078,0.9529402127635651
C=1 | class_weight=balanced | tol=10 | degree=1 | gamma=0.01 | coef0=0,1.0,balanced,10.0,1,0.01,0,1,0.44668587896253603,0.19952827446453336,0.44668587896253603,0.2758418774469844,0.5,0.30576018219383744
C=1 | class_weight=balanced | tol=10 | degree=1 | gamma=0.01 | coef0=0,1.0,balanced,10.0,1,0.01,0,2,0.44668587896253603,0.19952827446453336,0.44668587896253603,0.2758418774469844,0.5,0.3059502750348119
C=1 | class_weight=balanced | tol=10 | degree=1 | gamma=0.01 | coef0=0,1.0,balanced,10.0,1,0.01,0,3,0.4462055715658021,0.19909941209636414,0.4462055715658021,0.27534040251386926,0.5,0.30541413940080153
C=1 | class_weight=balanced | tol=10 | degree=1 | gamma=0.01 | coef0=0,1.0,balanced,10.0,1,0.01,0,4,0.44668587896253603,0.19952827446453336,0.44668587896253603,0.2758418774469844,0.5,0.30563191566521886
C=1 | class_weight=balanced | tol=10 | degree=1 | gamma=0.01 | coef0=0,1.0,balanced,10.0,1,0.01,0,5,0.44690052859202306,0.19972008245582962,0.44690052859202306,0.2760660854138701,0.5,0.30584005166997996
C=1 | class_weight=balanced | tol=10 | degree=1 | gamma=0.01 | coef0=3,1.0,balanced,10.0,1,0.01,3,1,0.44668587896253603,0.19952827446453336,0.44668587896253603,0.2758418774469844,0.5,0.30576018219383744
C=1 | class_weight=balanced | tol=10 | degree=1 | gamma=0.01 | coef0=3,1.0,balanced,10.0,1,0.01,3,2,0.44668587896253603,0.19952827446453336,0.44668587896253603,0.2758418774469844,0.5,0.3059502750348119
C=1 | class_weight=balanced | tol=10 | degree=1 | gamma=0.01 | coef0=3,1.0,balanced,10.0,1,0.01,3,3,0.4462055715658021,0.19909941209636414,0.4462055715658021,0.27534040251386926,0.5,0.30541413940080153
C=1 | class_weight=balanced | tol=10 | degree=1 | gamma=0.01 | coef0=3,1.0,balanced,10.0,1,0.01,3,4,0.44668587896253603,0.19952827446453336,0.44668587896253603,0.2758418774469844,0.5,0.30563191566521886
C=1 | class_weight=balanced | tol=10 | degree=1 | gamma=0.01 | coef0=3,1.0,balanced,10.0,1,0.01,3,5,0.44690052859202306,0.19972008245582962,0.44690052859202306,0.2760660854138701,0.5,0.30584005166997996
C=1 | class_weight=balanced | tol=10 | degree=1 | gamma=0.5 | coef0=0,1.0,balanced,10.0,1,0.5,0,1,0.44668587896253603,0.19952827446453336,0.44668587896253603,0.2758418774469844,0.5,0.30576018219383744
C=1 | class_weight=balanced | tol=10 | degree=1 | gamma=0.5 | coef0=0,1.0,balanced,10.0,1,0.5,0,2,0.44668587896253603,0.19952827446453336,0.44668587896253603,0.2758418774469844,0.5,0.3059502750348119
C=1 | class_weight=balanced | tol=10 | degree=1 | gamma=0.5 | coef0=0,1.0,balanced,10.0,1,0.5,0,3,0.4462055715658021,0.19909941209636414,0.4462055715658021,0.27534040251386926,0.5,0.30541413940080153
C=1 | class_weight=balanced | tol=10 | degree=1 | gamma=0.5 | coef0=0,1.0,balanced,10.0,1,0.5,0,4,0.44668587896253603,0.19952827446453336,0.44668587896253603,0.2758418774469844,0.5,0.30563191566521886
C=1 | class_weight=balanced | tol=10 | degree=1 | gamma=0.5 | coef0=0,1.0,balanced,10.0,1,0.5,0,5,0.44690052859202306,0.19972008245582962,0.44690052859202306,0.2760660854138701,0.5,0.30584005166997996
C=1 | class_weight=balanced | tol=10 | degree=1 | gamma=0.5 | coef0=3,1.0,balanced,10.0,1,0.5,3,1,0.44668587896253603,0.19952827446453336,0.44668587896253603,0.2758418774469844,0.5,0.30576018219383744
C=1 | class_weight=balanced | tol=10 | degree=1 | gamma=0.5 | coef0=3,1.0,balanced,10.0,1,0.5,3,2,0.44668587896253603,0.19952827446453336,0.44668587896253603,0.2758418774469844,0.5,0.3059502750348119
C=1 | class_weight=balanced | tol=10 | degree=1 | gamma=0.5 | coef0=3,1.0,balanced,10.0,1,0.5,3,3,0.4462055715658021,0.19909941209636414,0.4462055715658021,0.27534040251386926,0.5,0.30541413940080153
C=1 | class_weight=balanced | tol=10 | degree=1 | gamma=0.5 | coef0=3,1.0,balanced,10.0,1,0.5,3,4,0.44668587896253603,0.19952827446453336,0.44668587896253603,0.2758418774469844,0.5,0.30563191566521886
C=1 | class_weight=balanced | tol=10 | degree=1 | gamma=0.5 | coef0=3,1.0,balanced,10.0,1,0.5,3,5,0.44690052859202306,0.19972008245582962,0.44690052859202306,0.2760660854138701,0.5,0.30584005166997996
C=1 | class_weight=balanced | tol=10 | degree=5 | gamma=0.01 | coef0=0,1.0,balanced,10.0,5,0.01,0,1,0.44668587896253603,0.19952827446453336,0.44668587896253603,0.2758418774469844,0.5,0.30576018219383744
C=1 | class_weight=balanced | tol=10 | degree=5 | gamma=0.01 | coef0=0,1.0,balanced,10.0,5,0.01,0,2,0.44668587896253603,0.19952827446453336,0.44668587896253603,0.2758418774469844,0.5,0.3059502750348119
C=1 | class_weight=balanced | tol=10 | degree=5 | gamma=0.01 | coef0=0,1.0,balanced,10.0,5,0.01,0,3,0.4462055715658021,0.19909941209636414,0.4462055715658021,0.27534040251386926,0.5,0.30541413940080153
C=1 | class_weight=balanced | tol=10 | degree=5 | gamma=0.01 | coef0=0,1.0,balanced,10.0,5,0.01,0,4,0.44668587896253603,0.19952827446453336,0.44668587896253603,0.2758418774469844,0.5,0.30563191566521886
C=1 | class_weight=balanced | tol=10 | degree=5 | gamma=0.01 | coef0=0,1.0,balanced,10.0,5,0.01,0,5,0.44690052859202306,0.19972008245582962,0.44690052859202306,0.2760660854138701,0.5,0.30584005166997996
C=1 | class_weight=balanced | tol=10 | degree=5 | gamma=0.01 | coef0=3,1.0,balanced,10.0,5,0.01,3,1,0.44668587896253603,0.19952827446453336,0.44668587896253603,0.2758418774469844,0.5,0.30576018219383744
C=1 | class_weight=balanced | tol=10 | degree=5 | gamma=0.01 | coef0=3,1.0,balanced,10.0,5,0.01,3,2,0.44668587896253603,0.19952827446453336,0.44668587896253603,0.2758418774469844,0.5,0.3059502750348119
C=1 | class_weight=balanced | tol=10 | degree=5 | gamma=0.01 | coef0=3,1.0,balanced,10.0,5,0.01,3,3,0.4462055715658021,0.19909941209636414,0.4462055715658021,0.27534040251386926,0.5,0.30541413940080153
C=1 | class_weight=balanced | tol=10 | degree=5 | gamma=0.01 | coef0=3,1.0,balanced,10.0,5,0.01,3,4,0.44668587896253603,0.19952827446453336,0.44668587896253603,0.2758418774469844,0.5,0.30563191566521886
C=1 | class_weight=balanced | tol=10 | degree=5 | gamma=0.01 | coef0=3,1.0,balanced,10.0,5,0.01,3,5,0.44690052859202306,0.19972008245582962,0.44690052859202306,0.2760660854138701,0.5,0.30584005166997996
C=1 | class_weight=balanced | tol=10 | degree=5 | gamma=0.5 | coef0=0,1.0,balanced,10.0,5,0.5,0,1,0.44668587896253603,0.19952827446453336,0.44668587896253603,0.2758418774469844,0.5,0.30576018219383744
C=1 | class_weight=balanced | tol=10 | degree=5 | gamma=0.5 | coef0=0,1.0,balanced,10.0,5,0.5,0,2,0.44668587896253603,0.19952827446453336,0.44668587896253603,0.2758418774469844,0.5,0.3059502750348119
C=1 | class_weight=balanced | tol=10 | degree=5 | gamma=0.5 | coef0=0,1.0,balanced,10.0,5,0.5,0,3,0.4462055715658021,0.19909941209636414,0.4462055715658021,0.27534040251386926,0.5,0.30541413940080153
C=1 | class_weight=balanced | tol=10 | degree=5 | gamma=0.5 | coef0=0,1.0,balanced,10.0,5,0.5,0,4,0.44668587896253603,0.19952827446453336,0.44668587896253603,0.2758418774469844,0.5,0.30563191566521886
C=1 | class_weight=balanced | tol=10 | degree=5 | gamma=0.5 | coef0=0,1.0,balanced,10.0,5,0.5,0,5,0.44690052859202306,0.19972008245582962,0.44690052859202306,0.2760660854138701,0.5,0.30584005166997996
C=1 | class_weight=balanced | tol=10 | degree=5 | gamma=0.5 | coef0=3,1.0,balanced,10.0,5,0.5,3,1,0.44668587896253603,0.19952827446453336,0.44668587896253603,0.2758418774469844,0.5,0.30576018219383744
C=1 | class_weight=balanced | tol=10 | degree=5 | gamma=0.5 | coef0=3,1.0,balanced,10.0,5,0.5,3,2,0.44668587896253603,0.19952827446453336,0.44668587896253603,0.2758418774469844,0.5,0.3059502750348119
C=1 | class_weight=balanced | tol=10 | degree=5 | gamma=0.5 | coef0=3,1.0,balanced,10.0,5,0.5,3,3,0.4462055715658021,0.19909941209636414,0.4462055715658021,0.27534040251386926,0.5,0.30541413940080153
C=1 | class_weight=balanced | tol=10 | degree=5 | gamma=0.5 | coef0=3,1.0,balanced,10.0,5,0.5,3,4,0.44668587896253603,0.19952827446453336,0.44668587896253603,0.2758418774469844,0.5,0.30563191566521886
C=1 | class_weight=balanced | tol=10 | degree=5 | gamma=0.5 | coef0=3,1.0,balanced,10.0,5,0.5,3,5,0.44690052859202306,0.19972008245582962,0.44690052859202306,0.2760660854138701,0.5,0.30584005166997996
C=1 | class_weight=None | tol=0.1 | degree=1 | gamma=0.01 | coef0=0,1.0,,0.1,1,0.01,0,1,0.45244956772334294,0.2926443765195265,0.45244956772334294,0.33803822678355677,0.6871339225010502,0.4464619545333596
C=1 | class_weight=None | tol=0.1 | degree=1 | gamma=0.01 | coef0=0,1.0,,0.1,1,0.01,0,2,0.45004803073967337,0.2852688959032029,0.45004803073967337,0.33281699240622603,0.6827749471330656,0.4394370973142025
C=1 | class_weight=None | tol=0.1 | degree=1 | gamma=0.01 | coef0=0,1.0,,0.1,1,0.01,0,3,0.4452449567723343,0.27990523782551296,0.4452449567723343,0.3286434257131613,0.672213998366536,0.43961207065188873
C=1 | class_weight=None | tol=0.1 | degree=1 | gamma=0.01 | coef0=0,1.0,,0.1,1,0.01,0,4,0.4510086455331412,0.2889884815164509,0.4510086455331412,0.3323528407821996,0.6309393564824922,0.37610797156035825
C=1 | class_weight=None | tol=0.1 | degree=1 | gamma=0.01 | coef0=0,1.0,,0.1,1,0.01,0,5,0.4435367611725132,0.28156534953606427,0.4435367611725132,0.32848949731815646,0.6686555794152054,0.4447995574383794
C=1 | class_weight=None | tol=0.1 | degree=1 | gamma=0.01 | coef0=3,1.0,,0.1,1,0.01,3,1,0.45244956772334294,0.2926443765195265,0.45244956772334294,0.33803822678355677,0.683788880160896,0.44379130458353483
C=1 | class_weight=None | tol=0.1 | degree=1 | gamma=0.01 | coef0=3,1.0,,0.1,1,0.01,3,2,0.45004803073967337,0.2852688959032029,0.45004803073967337,0.33281699240622603,0.688299755139836,0.45521211282579865
C=1 | class_weight=None | tol=0.1 | degree=1 | gamma=0.01 | coef0=3,1.0,,0.1,1,0.01,3,3,0.44668587896253603,0.2810736363635132,0.44668587896253603,0.3295488274025988,0.6781008363457234,0.455110377913941
C=1 | class_weight=None | tol=0.1 | degree=1 | gamma=0.01 | coef0=3,1.0,,0.1,1,0.01,3,4,0.4510086455331412,0.2889884815164509,0.4510086455331412,0.3323528407821996,0.6826680135224756,0.4519266194332939
C=1 | class_weight=None | tol=0.1 | degree=1 | gamma=0.01 | coef0=3,1.0,,0.1,1,0.01,3,5,0.4435367611725132,0.28156534953606427,0.4435367611725132,0.32848949731815646,0.6669526406776258,0.43582352978270594
C=1 | class_weight=None | tol=0.1 | degree=1 | gamma=0.5 | coef0=0,1.0,,0.1,1,0.5,0,1,0.45244956772334294,0.2926443765195265,0.45244956772334294,0.33803822678355677,0.6948405817216416,0.45970952965359946
C=1 | class_weight=None | tol=0.1 | degree=1 | gamma=0.5 | coef0=0,1.0,,0.1,1,0.5,0,2,0.45004803073967337,0.2852688959032029,0.45004803073967337,0.33281699240622603,0.6711250077861043,0.4302939289733817
C=1 | class_weight=None | tol=0.1 | degree=1 | gamma=0.5 | coef0=0,1.0,,0.1,1,0.5,0,3,0.4457252641690682,0.28029305865258963,0.4457252641690682,0.3289451937497124,0.6850121280838365,0.4541892312143199
C=1 | class_weight=None | tol=0.1 | degree=1 | gamma=0.5 | coef0=0,1.0,,0.1,1,0.5,0,4,0.4510086455331412,0.2889884815164509,0.4510086455331412,0.3323528407821996,0.6698777831831498,0.44010066717466484
C=1 | class_weight=None | tol=0.1 | degree=1 | gamma=0.5 | coef0=0,1.0,,0.1,1,0.5,0,5,0.4430562229697261,0.2810099894228271,0.4430562229697261,0.32820546866430084,0.6444375179130207,0.3912956278037271
C=1 | class_weight=None | tol=0.1 | degree=1 | gamma=0.5 | coef0=3,1.0,,0.1,1,0.5,3,1,0.45196926032660906,0.2920308239190585,0.45196926032660906,0.33773659382327115,0.6954653962247038,0.46091515456156645
C=1 | class_weight=None | tol=0.1 | degree=1 | gamma=0.5 | coef0=3,1.0,,0.1,1,0.5,3,2,0.45004803073967337,0.2852688959032029,0.45004803073967337,0.33281699240622603,0.6886461494213204,0.45378489672615585
C=1 | class_weight=None | tol=0.1 | degree=1 | gamma=0.5 | coef0=3,1.0,,0.1,1,0.5,3,3,0.4452449567723343,0.27990523782551296,0.4452449567723343,0.3286434257131613,0.6836733788778229,0.4605758500094131
C=1 | class_weight=None | tol=0.1 | degree=1 | gamma=0.5 | coef0=3,1.0,,0.1,1,0.5,3,4,0.4510086455331412,0.2885751409665956,0.4510086455331412,0.33238851210028375,0.6812910085620401,0.43093934154736885
C=1 | class_weight=None | tol=0.1 | degree=1 | gamma=0.5 | coef0=3,1.0,,0.1,1,0.5,3,5,0.4435367611725132,0.2817216512728547,0.4435367611725132,0.32846799223228956,0.6726014432583117,0.44946286492852716
C=1 | class_weight=None | tol=0.1 | degree=5 | gamma=0.01 | coef0=0,1.0,,0.1,5,0.01,0,1,0.46349663784822287,0.4258024793904249,0.46349663784822287,0.31034819090676097,0.6245741444264056,0.4258585977496953
C=1 | class_weight=None | tol=0.1 | degree=5 | gamma=0.01 | coef0=0,1.0,,0.1,5,0.01,0,2,0.4620557156580211,0.4255054942480261,0.4620557156580211,0.3075604065320142,0.6139181536842584,0.41026157140772107
C=1 | class_weight=None | tol=0.1 | degree=5 | gamma=0.01 | coef0=0,1.0,,0.1,5,0.01,0,3,0.46253602305475505,0.4247870981177954,0.46253602305475505,0.3089115914223817,0.59964675403286,0.40543135788369866
C=1 | class_weight=None | tol=0.1 | degree=5 | gamma=0.01 | coef0=0,1.0,,0.1,5,0.01,0,4,0.45581171950048033,0.4237482323151189,0.45581171950048033,0.2951251783369599,0.6228928686450383,0.4187577051956321
C=1 | class_weight=None | tol=0.1 | degree=5 | gamma=0.01 | coef0=0,1.0,,0.1,5,0.01,0,5,0.45987506006727535,0.42483460736004847,0.45987506006727535,0.3030832190312164,0.5918451331343705,0.3960332397371543
C=1 | class_weight=None | tol=0.1 | degree=5 | gamma=0.01 | coef0=3,1.0,,0.1,5,0.01,3,1,0.7084534101825168,0.712926185601503,0.7084534101825168,0.6973022685772953,0.9000939608335471,0.7980650877824558
C=1 | class_weight=None | tol=0.1 | degree=5 | gamma=0.01 | coef0=3,1.0,,0.1,5,0.01,3,2,0.7146974063400576,0.7156301268734011,0.7146974063400576,0.7046343366407815,0.9056310226562437,0.8018138984700426
C=1 | class_weight=None | tol=0.1 | degree=5 | gamma=0.01 | coef0=3,1.0,,0.1,5,0.01,3,3,0.7223823246878002,0.7277953989908229,0.7223823246878002,0.7129433380350145,0.9099997817265658,0.8114696023282743
C=1 | class_weight=None | tol=0.1 | degree=5 | gamma=0.01 | coef0=3,1.0,,0.1,5,0.01,3,4,0.7012487992315082,0.7025349501577828,0.7012487992315082,0.6890384990162596,0.8985831446914391,0.7863425903964505
C=1 | class_weight=None | tol=0.1 | degree=5 | gamma=0.01 | coef0=3,1.0,,0.1,5,0.01,3,5,0.7001441614608361,0.7024280844215763,0.7001441614608361,0.6896999626349402,0.8986025637009263,0.7833088493134192
C=1 | class_weight=None | tol=0.1 | degree=5 | gamma=0.5 | coef0=0,1.0,,0.1,5,0.5,0,1,0.654178674351585,0.6970487916431891,0.654178674351585,0.6277921429485386,0.8682515705908858,0.748210802598228
C=1 | class_weight=None | tol=0.1 | degree=5 | gamma=0.5 | coef0=0,1.0,,0.1,5,0.5,0,2,0.6508165225744477,0.694690901323286,0.6508165225744477,0.6243085199881002,0.8607221103579316,0.7365608803631045
C=1 | class_weight=None | tol=0.1 | degree=5 | gamma=0.5 | coef0=0,1.0,,0.1,5,0.5,0,3,0.6556195965417867,0.6996822629491517,0.6556195965417867,0.6276844789657547,0.8592346375458014,0.7321252383868382
C=1 | class_weight=None | tol=0.1 | degree=5 | gamma=0.5 | coef0=0,1.0,,0.1,5,0.5,0,4,0.659942363112392,0.7099991484098107,0.659942363112392,0.6311678176110745,0.8640315936705368,0.7460752323461914
C=1 | class_weight=None | tol=0.1 | degree=5 | gamma=0.5 | coef0=0,1.0,,0.1,5,0.5,0,5,0.6530514175876982,0.7029663171762737,0.6530514175876982,0.6225405517546043,0.8586767584061628,0.7298755967877012
C=1 | class_weight=None | tol=0.1 | degree=5 | gamma=0.5 | coef0=3,1.0,,0.1,5,0.5,3,1,0.8818443804034583,0.8834828960457071,0.8818443804034583,0.8823411765803116,0.9817343492685131,0.9519139496515557
C=1 | class_weight=None | tol=0.1 | degree=5 | gamma=0.5 | coef0=3,1.0,,0.1,5,0.5,3,2,0.8914505283381364,0.8945901972778012,0.8914505283381364,0.8920729756839887,0.9837935113349104,0.9592526687639683
C=1 | class_weight=None | tol=0.1 | degree=5 | gamma=0.5 | coef0=3,1.0,,0.1,5,0.5,3,3,0.9005763688760807,0.9019697842101597,0.9005763688760807,0.9010312933996764,0.9838677336720442,0.9583007079522387
C=1 | class_weight=None | tol=0.1 | degree=5 | gamma=0.5 | coef0=3,1.0,,0.1,5,0.5,3,4,0.8919308357348703,0.8939734713064675,0.8919308357348703,0.8925751208947866,0.9856866085629087,0.962052201436517
C=1 | class_weight=None | tol=0.1 | degree=5 | gamma=0.5 | coef0=3,1.0,,0.1,5,0.5,3,5,0.8673714560307545,0.8706513856604196,0.8673714560307545,0.8682421854819757,0.981531084374305,0.9519908280087396
C=1 | class_weight=None | tol=10 | degree=1 | gamma=0.01 | coef0=0,1.0,,10.0,1,0.01,0,1,0.44668587896253603,0.19952827446453336,0.44668587896253603,0.2758418774469844,0.5,0.30576018219383744
C=1 | class_weight=None | tol=10 | degree=1 | gamma=0.01 | coef0=0,1.0,,10.0,1,0.01,0,2,0.44668587896253603,0.19952827446453336,0.44668587896253603,0.2758418774469844,0.5,0.3059502750348119
C=1 | class_weight=None | tol=10 | degree=1 | gamma=0.01 | coef0=0,1.0,,10.0,1,0.01,0,3,0.4462055715658021,0.19909941209636414,0.4462055715658021,0.27534040251386926,0.5,0.30541413940080153
C=1 | class_weight=None | tol=10 | degree=1 | gamma=0.01 | coef0=0,1.0,,10.0,1,0.01,0,4,0.44668587896253603,0.19952827446453336,0.44668587896253603,0.2758418774469844,0.5,0.30563191566521886
C=1 | class_weight=None | tol=10 | degree=1 | gamma=0.01 | coef0=0,1.0,,10.0,1,0.01,0,5,0.44690052859202306,0.19972008245582962,0.44690052859202306,0.2760660854138701,0.5,0.30584005166997996
C=1 | class_weight=None | tol=10 | degree=1 | gamma=0.01 | coef0=3,1.0,,10.0,1,0.01,3,1,0.44668587896253603,0.19952827446453336,0.44668587896253603,0.2758418774469844,0.5,0.30576018219383744
C=1 | class_weight=None | tol=10 | degree=1 | gamma=0.01 | coef0=3,1.0,,10.0,1,0.01,3,2,0.44668587896253603,0.19952827446453336,0.44668587896253603,0.2758418774469844,0.5,0.3059502750348119
C=1 | class_weight=None | tol=10 | degree=1 | gamma=0.01 | coef0=3,1.0,,10.0,1,0.01,3,3,0.4462055715658021,0.19909941209636414,0.4462055715658021,0.27534040251386926,0.5,0.30541413940080153
C=1 | class_weight=None | tol=10 | degree=1 | gamma=0.01 | coef0=3,1.0,,10.0,1,0.01,3,4,0.44668587896253603,0.19952827446453336,0.44668587896253603,0.2758418774469844,0.5,0.30563191566521886
C=1 | class_weight=None | tol=10 | degree=1 | gamma=0.01 | coef0=3,1.0,,10.0,1,0.01,3,5,0.44690052859202306,0.19972008245582962,0.44690052859202306,0.2760660854138701,0.5,0.30584005166997996
C=1 | class_weight=None | tol=10 | degree=1 | gamma=0.5 | coef0=0,1.0,,10.0,1,0.5,0,1,0.44668587896253603,0.19952827446453336,0.44668587896253603,0.2758418774469844,0.5,0.30576018219383744
C=1 | class_weight=None | tol=10 | degree=1 | gamma=0.5 | coef0=0,1.0,,10.0,1,0.5,0,2,0.44668587896253603,0.19952827446453336,0.44668587896253603,0.2758418774469844,0.5,0.3059502750348119
C=1 | class_weight=None | tol=10 | degree=1 | gamma=0.5 | coef0=0,1.0,,10.0,1,0.5,0,3,0.4462055715658021,0.19909941209636414,0.4462055715658021,0.27534040251386926,0.5,0.30541413940080153
C=1 | class_weight=None | tol=10 | degree=1 | gamma=0.5 | coef0=0,1.0,,10.0,1,0.5,0,4,0.44668587896253603,0.19952827446453336,0.44668587896253603,0.2758418774469844,0.5,0.30563191566521886
C=1 | class_weight=None | tol=10 | degree=1 | gamma=0.5 | coef0=0,1.0,,10.0,1,0.5,0,5,0.44690052859202306,0.19972008245582962,0.44690052859202306,0.2760660854138701,0.5,0.30584005166997996
C=1 | class_weight=None | tol=10 | degree=1 | gamma=0.5 | coef0=3,1.0,,10.0,1,0.5,3,1,0.44668587896253603,0.19952827446453336,0.44668587896253603,0.2758418774469844,0.5,0.30576018219383744
C=1 | class_weight=None | tol=10 | degree=1 | gamma=0.5 | coef0=3,1.0,,10.0,1,0.5,3,2,0.44668587896253603,0.19952827446453336,0.44668587896253603,0.2758418774469844,0.5,0.3059502750348119
C=1 | class_weight=None | tol=10 | degree=1 | gamma=0.5 | coef0=3,1.0,,10.0,1,0.5,3,3,0.4462055715658021,0.19909941209636414,0.4462055715658021,0.27534040251386926,0.5,0.30541413940080153
C=1 | class_weight=None | tol=10 | degree=1 | gamma=0.5 | coef0=3,1.0,,10.0,1,0.5,3,4,0.44668587896253603,0.19952827446453336,0.44668587896253603,0.2758418774469844,0.5,0.30563191566521886
C=1 | class_weight=None | tol=10 | degree=1 | gamma=0.5 | coef0=3,1.0,,10.0,1,0.5,3,5,0.44690052859202306,0.19972008245582962,0.44690052859202306,0.2760660854138701,0.5,0.30584005166997996
C=1 | class_weight=None | tol=10 | degree=5 | gamma=0.01 | coef0=0,1.0,,10.0,5,0.01,0,1,0.44668587896253603,0.19952827446453336,0.44668587896253603,0.2758418774469844,0.5,0.30576018219383744
C=1 | class_weight=None | tol=10 | degree=5 | gamma=0.01 | coef0=0,1.0,,10.0,5,0.01,0,2,0.44668587896253603,0.19952827446453336,0.44668587896253603,0.2758418774469844,0.5,0.3059502750348119
C=1 | class_weight=None | tol=10 | degree=5 | gamma=0.01 | coef0=0,1.0,,10.0,5,0.01,0,3,0.4462055715658021,0.19909941209636414,0.4462055715658021,0.27534040251386926,0.5,0.30541413940080153
C=1 | class_weight=None | tol=10 | degree=5 | gamma=0.01 | coef0=0,1.0,,10.0,5,0.01,0,4,0.44668587896253603,0.19952827446453336,0.44668587896253603,0.2758418774469844,0.5,0.30563191566521886
C=1 | class_weight=None | tol=10 | degree=5 | gamma=0.01 | coef0=0,1.0,,10.0,5,0.01,0,5,0.44690052859202306,0.19972008245582962,0.44690052859202306,0.2760660854138701,0.5,0.30584005166997996
C=1 | class_weight=None | tol=10 | degree=5 | gamma=0.01 | coef0=3,1.0,,10.0,5,0.01,3,1,0.44668587896253603,0.19952827446453336,0.44668587896253603,0.2758418774469844,0.5,0.30576018219383744
C=1 | class_weight=None | tol=10 | degree=5 | gamma=0.01 | coef0=3,1.0,,10.0,5,0.01,3,2,0.44668587896253603,0.19952827446453336,0.44668587896253603,0.2758418774469844,0.5,0.3059502750348119
C=1 | class_weight=None | tol=10 | degree=5 | gamma=0.01 | coef0=3,1.0,,10.0,5,0.01,3,3,0.4462055715658021,0.19909941209636414,0.4462055715658021,0.27534040251386926,0.5,0.30541413940080153
C=1 | class_weight=None | tol=10 | degree=5 | gamma=0.01 | coef0=3,1.0,,10.0,5,0.01,3,4,0.44668587896253603,0.19952827446453336,0.44668587896253603,0.2758418774469844,0.5,0.30563191566521886
C=1 | class_weight=None | tol=10 | degree=5 | gamma=0.01 | coef0=3,1.0,,10.0,5,0.01,3,5,0.44690052859202306,0.19972008245582962,0.44690052859202306,0.2760660854138701,0.5,0.30584005166997996
C=1 | class_weight=None | tol=10 | degree=5 | gamma=0.5 | coef0=0,1.0,,10.0,5,0.5,0,1,0.44668587896253603,0.19952827446453336,0.44668587896253603,0.2758418774469844,0.5,0.30576018219383744
C=1 | class_weight=None | tol=10 | degree=5 | gamma=0.5 | coef0=0,1.0,,10.0,5,0.5,0,2,0.44668587896253603,0.19952827446453336,0.44668587896253603,0.2758418774469844,0.5,0.3059502750348119
C=1 | class_weight=None | tol=10 | degree=5 | gamma=0.5 | coef0=0,1.0,,10.0,5,0.5,0,3,0.4462055715658021,0.19909941209636414,0.4462055715658021,0.27534040251386926,0.5,0.30541413940080153
C=1 | class_weight=None | tol=10 | degree=5 | gamma=0.5 | coef0=0,1.0,,10.0,5,0.5,0,4,0.44668587896253603,0.19952827446453336,0.44668587896253603,0.2758418774469844,0.5,0.30563191566521886
C=1 | class_weight=None | tol=10 | degree=5 | gamma=0.5 | coef0=0,1.0,,10.0,5,0.5,0,5,0.44690052859202306,0.19972008245582962,0.44690052859202306,0.2760660854138701,0.5,0.30584005166997996
C=1 | class_weight=None | tol=10 | degree=5 | gamma=0.5 | coef0=3,1.0,,10.0,5,0.5,3,1,0.44668587896253603,0.19952827446453336,0.44668587896253603,0.2758418774469844,0.5,0.30576018219383744
C=1 | class_weight=None | tol=10 | degree=5 | gamma=0.5 | coef0=3,1.0,,10.0,5,0.5,3,2,0.44668587896253603,0.19952827446453336,0.44668587896253603,0.2758418774469844,0.5,0.3059502750348119
C=1 | class_weight=None | tol=10 | degree=5 | gamma=0.5 | coef0=3,1.0,,10.0,5,0.5,3,3,0.4462055715658021,0.19909941209636414,0.4462055715658021,0.27534040251386926,0.5,0.30541413940080153
C=1 | class_weight=None | tol=10 | degree=5 | gamma=0.5 | coef0=3,1.0,,10.0,5,0.5,3,4,0.44668587896253603,0.19952827446453336,0.44668587896253603,0.2758418774469844,0.5,0.30563191566521886
C=1 | class_weight=None | tol=10 | degree=5 | gamma=0.5 | coef0=3,1.0,,10.0,5,0.5,3,5,0.44690052859202306,0.19972008245582962,0.44690052859202306,0.2760660854138701,0.5,0.30584005166997996
C=10 | class_weight=balanced | tol=0.1 | degree=1 | gamma=0.01 | coef0=0,10.0,balanced,0.1,1,0.01,0,1,0.35446685878962536,0.48434616176622075,0.35446685878962536,0.33302060594794536,0.6804488542408211,0.4532319948271342
C=10 | class_weight=balanced | tol=0.1 | degree=1 | gamma=0.01 | coef0=0,10.0,balanced,0.1,1,0.01,0,2,0.3679154658981748,0.5378797975275524,0.3679154658981748,0.3533759623054376,0.6913814033779161,0.47343597552990885
C=10 | class_weight=balanced | tol=0.1 | degree=1 | gamma=0.01 | coef0=0,10.0,balanced,0.1,1,0.01,0,3,0.3679154658981748,0.5274551988260577,0.3679154658981748,0.3540190540376443,0.6682912736329092,0.4480969147520917
C=10 | class_weight=balanced | tol=0.1 | degree=1 | gamma=0.01 | coef0=0,10.0,balanced,0.1,1,0.01,0,4,0.36935638808837656,0.5073982891501284,0.36935638808837656,0.34665699037445363,0.6811197771368657,0.46020127380407816
C=10 | class_weight=balanced | tol=0.1 | degree=1 | gamma=0.01 | coef0=0,10.0,balanced,0.1,1,0.01,0,5,0.3570398846708313,0.4949466966828223,0.3570398846708313,0.3301732450948171,0.6700763159684306,0.4471329616995522
C=10 | class_weight=balanced | tol=0.1 | degree=1 | gamma=0.01 | coef0=3,10.0,balanced,0.1,1,0.01,3,1,0.356388088376561,0.4836320363023301,0.356388088376561,0.33723623097498767,0.6809848628642036,0.4536564075518804
C=10 | class_weight=balanced | tol=0.1 | degree=1 | gamma=0.01 | coef0=3,10.0,balanced,0.1,1,0.01,3,2,0.3688760806916426,0.5439785773601704,0.3688760806916426,0.3539540447963913,0.6906329934118618,0.4728876342463092
C=10 | class_weight=balanced | tol=0.1 | degree=1 | gamma=0.01 | coef0=3,10.0,balanced,0.1,1,0.01,3,3,0.36503362151777136,0.5274458324461876,0.36503362151777136,0.3504927075720091,0.6697361099674316,0.4495064112869693
C=10 | class_weight=balanced | tol=0.1 | degree=1 | gamma=0.01 | coef0=3,10.0,balanced,0.1,1,0.01,3,4,0.36839577329490875,0.5058600058322898,0.36839577329490875,0.3467528972519936,0.6811682157745952,0.46011602221109593
C=10 | class_weight=balanced | tol=0.1 | degree=1 | gamma=0.01 | coef0=3,10.0,balanced,0.1,1,0.01,3,5,0.35992311388755405,0.4977023765443572,0.35992311388755405,0.33343264607626744,0.6701514176032236,0.44642409739876066
C=10 | class_weight=balanced | tol=0.1 | degree=1 | gamma=0.5 | coef0=0,10.0,balanced,0.1,1,0.5,0,1,0.3573487031700288,0.4926932229833055,0.3573487031700288,0.33572252876155023,0.6820303831719908,0.45579457378056193
C=10 | class_weight=balanced | tol=0.1 | degree=1 | gamma=0.5 | coef0=0,10.0,balanced,0.1,1,0.5,0,2,0.36935638808837656,0.5459287565620664,0.36935638808837656,0.3539509411038521,0.6920947424527537,0.47501374390957557
C=10 | class_weight=balanced | tol=0.1 | degree=1 | gamma=0.5 | coef0=0,10.0,balanced,0.1,1,0.5,0,3,0.3688760806916426,0.534403648352122,0.3688760806916426,0.35483166674035344,0.6691251348048827,0.45104242021771873
C=10 | class_weight=balanced | tol=0.1 | degree=1 | gamma=0.5 | coef0=0,10.0,balanced,0.1,1,0.5,0,4,0.3712776176753122,0.5084858321451853,0.3712776176753122,0.3480904872190339,0.6801498058113464,0.4609772667875071
C=10 | class_weight=balanced | tol=0.1 | degree=1 | gamma=0.5 | coef0=0,10.0,balanced,0.1,1,0.5,0,5,0.3608841902931283,0.5017409710059147,0.3608841902931283,0.3345058150313491,0.6705996499674483,0.44774610968448875
C=10 | class_weight=balanced | tol=0.1 | degree=1 | gamma=0.5 | coef0=3,10.0,balanced,0.1,1,0.5,3,1,0.35878962536023057,0.4932190080614154,0.35878962536023057,0.3388046969246993,0.6821419363837639,0.45704650819215203
C=10 | class_weight=balanced | tol=0.1 | degree=1 | gamma=0.5 | coef0=3,10.0,balanced,0.1,1,0.5,3,2,0.3688760806916426,0.5426110655972616,0.3688760806916426,0.3537143575814618,0.6930273447938244,0.4758296505634809
C=10 | class_weight=balanced | tol=0.1 | degree=1 | gamma=0.5 | coef0=3,10.0,balanced,0.1,1,0.5,3,3,0.3688760806916426,0.532884335142263,0.3688760806916426,0.3545699168682359,0.6701521795531261,0.45070748914188113
C=10 | class_weight=balanced | tol=0.1 | degree=1 | gamma=0.5 | coef0=3,10.0,balanced,0.1,1,0.5,3,4,0.36839577329490875,0.5047320134149412,0.36839577329490875,0.34552907048062664,0.6810274746194193,0.46041474034350294
C=10 | class_weight=balanced | tol=0.1 | degree=1 | gamma=0.5 | coef0=3,10.0,balanced,0.1,1,0.5,3,5,0.3584814992791927,0.49627049091662256,0.3584814992791927,0.3316393380693383,0.6699734608560526,0.4477018916067722
C=10 | class_weight=balanced | tol=0.1 | degree=5 | gamma=0.01 | coef0=0,10.0,balanced,0.1,5,0.01,0,1,0.489433237271854,0.4933388316558329,0.489433237271854,0.3722249031226669,0.6932607418633452,0.48591486770742925
C=10 | class_weight=balanced | tol=0.1 | degree=5 | gamma=0.01 | coef0=0,10.0,balanced,0.1,5,0.01,0,2,0.5004803073967339,0.49983110069565395,0.5004803073967339,0.3786020515784624,0.6873789344564585,0.47839215881786074
C=10 | class_weight=balanced | tol=0.1 | degree=5 | gamma=0.01 | coef0=0,10.0,balanced,0.1,5,0.01,0,3,0.5072046109510087,0.5046498025595578,0.5072046109510087,0.3845598945275446,0.6786366988350451,0.4759519294272505
C=10 | class_weight=balanced | tol=0.1 | degree=5 | gamma=0.01 | coef0=0,10.0,balanced,0.1,5,0.01,0,4,0.49615754082612873,0.49568555612672177,0.49615754082612873,0.3700096249525402,0.6911043584967759,0.48538074916073787
C=10 | class_weight=balanced | tol=0.1 | degree=5 | gamma=0.01 | coef0=0,10.0,balanced,0.1,5,0.01,0,5,0.2873618452666987,0.33367960052903306,0.2873618452666987,0.17393004619263744,0.6793808116410537,0.48190776258703166
C=10 | class_weight=balanced | tol=0.1 | degree=5 | gamma=0.01 | coef0=3,10.0,balanced,0.1,5,0.01,3,1,0.722862632084534,0.7874433707819853,0.722862632084534,0.7240111327103077,0.9348710125818894,0.8555247916562376
C=10 | class_weight=balanced | tol=0.1 | degree=5 | gamma=0.01 | coef0=3,10.0,balanced,0.1,5,0.01,3,2,0.734390009606148,0.7973533457983147,0.734390009606148,0.7361985992465818,0.9401932586619025,0.8578506259250223
C=10 | class_weight=balanced | tol=0.1 | degree=5 | gamma=0.01 | coef0=3,10.0,balanced,0.1,5,0.01,3,3,0.7387127761767531,0.8053783916145224,0.7387127761767531,0.7413392700561331,0.9465275762514941,0.8698215273765382
C=10 | class_weight=balanced | tol=0.1 | degree=5 | gamma=0.01 | coef0=3,10.0,balanced,0.1,5,0.01,3,4,0.722862632084534,0.793544728235607,0.722862632084534,0.7241344848888266,0.9394318101745929,0.8539260347088263
C=10 | class_weight=balanced | tol=0.1 | degree=5 | gamma=0.01 | coef0=3,10.0,balanced,0.1,5,0.01,3,5,0.7265737626141279,0.7928153583156833,0.7265737626141279,0.7295470322678512,0.9317000121370778,0.8382466984988047
C=10 | class_weight=balanced | tol=0.1 | degree=5 | gamma=0.5 | coef0=0,10.0,balanced,0.1,5,0.5,0,1,0.6243996157540826,0.7538861750370892,0.6243996157540826,0.6300168382186765,0.877096160575483,0.7481791836438905
C=10 | class_weight=balanced | tol=0.1 | degree=5 | gamma=0.5 | coef0=0,10.0,balanced,0.1,5,0.5,0,2,0.6095100864553314,0.740071160753897,0.6095100864553314,0.6142618512524561,0.868532316682898,0.7341112593766862
C=10 | class_weight=balanced | tol=0.1 | degree=5 | gamma=0.5 | coef0=0,10.0,balanced,0.1,5,0.5,0,3,0.6080691642651297,0.7588837740340757,0.6080691642651297,0.613105657913956,0.8697772205596442,0.7316050731694491
C=10 | class_weight=balanced | tol=0.1 | degree=5 | gamma=0.5 | coef0=0,10.0,balanced,0.1,5,0.5,0,4,0.6114313160422671,0.7670112175928073,0.6114313160422671,0.6157298936836052,0.8714794191855707,0.7419512735362853
C=10 | class_weight=balanced | tol=0.1 | degree=5 | gamma=0.5 | coef0=0,10.0,balanced,0.1,5,0.5,0,5,0.6001922152811149,0.7568397581359103,0.6001922152811149,0.6048271047704044,0.8697083396974072,0.737889026380673
C=10 | class_weight=balanced | tol=0.1 | degree=5 | gamma=0.5 | coef0=3,10.0,balanced,0.1,5,0.5,3,1,0.8736791546589817,0.8867109762461859,0.8736791546589817,0.8758426050973097,0.9821821788856937,0.9511362910996081
C=10 | class_weight=balanced | tol=0.1 | degree=5 | gamma=0.5 | coef0=3,10.0,balanced,0.1,5,0.5,3,2,0.8804034582132565,0.8951640629083298,0.8804034582132565,0.8831606993230912,0.9822964637668548,0.9549201710511672
C=10 | class_weight=balanced | tol=0.1 | degree=5 | gamma=0.5 | coef0=3,10.0,balanced,0.1,5,0.5,3,3,0.8871277617675313,0.8981938826058622,0.8871277617675313,0.8893365069697334,0.9825616527291684,0.9532934716106262
C=10 | class_weight=balanced | tol=0.1 | degree=5 | gamma=0.5 | coef0=3,10.0,balanced,0.1,5,0.5,3,4,0.8765609990393852,0.8941421964390743,0.8765609990393852,0.879178527061519,0.9837701509122828,0.9555183769676092
C=10 | class_weight=balanced | tol=0.1 | degree=5 | gamma=0.5 | coef0=3,10.0,balanced,0.1,5,0.5,3,5,0.8707352234502643,0.8846844663518929,0.8707352234502643,0.8733107213007484,0.9812011125887022,0.9485675457446998
C=10 | class_weight=balanced | tol=10 | degree=1 | gamma=0.01 | coef0=0,10.0,balanced,10.0,1,0.01,0,1,0.44668587896253603,0.19952827446453336,0.44668587896253603,0.2758418774469844,0.5,0.30576018219383744
C=10 | class_weight=balanced | tol=10 | degree=1 | gamma=0.01 | coef0=0,10.0,balanced,10.0,1,0.01,0,2,0.44668587896253603,0.19952827446453336,0.44668587896253603,0.2758418774469844,0.5,0.3059502750348119
C=10 | class_weight=balanced | tol=10 | degree=1 | gamma=0.01 | coef0=0,10.0,balanced,10.0,1,0.01,0,3,0.4462055715658021,0.19909941209636414,0.4462055715658021,0.27534040251386926,0.5,0.30541413940080153
C=10 | class_weight=balanced | tol=10 | degree=1 | gamma=0.01 | coef0=0,10.0,balanced,10.0,1,0.01,0,4,0.44668587896253603,0.19952827446453336,0.44668587896253603,0.2758418774469844,0.5,0.30563191566521886
C=10 | class_weight=balanced | tol=10 | degree=1 | gamma=0.01 | coef0=0,10.0,balanced,10.0,1,0.01,0,5,0.44690052859202306,0.19972008245582962,0.44690052859202306,0.2760660854138701,0.5,0.30584005166997996
C=10 | class_weight=balanced | tol=10 | degree=1 | gamma=0.01 | coef0=3,10.0,balanced,10.0,1,0.01,3,1,0.44668587896253603,0.19952827446453336,0.44668587896253603,0.2758418774469844,0.5,0.30576018219383744
C=10 | class_weight=balanced | tol=10 | degree=1 | gamma=0.01 | coef0=3,10.0,balanced,10.0,1,0.01,3,2,0.44668587896253603,0.19952827446453336,0.44668587896253603,0.2758418774469844,0.5,0.3059502750348119
C=10 | class_weight=balanced | tol=10 | degree=1 | gamma=0.01 | coef0=3,10.0,balanced,10.0,1,0.01,3,3,0.4462055715658021,0.19909941209636414,0.4462055715658021,0.27534040251386926,0.5,0.30541413940080153
C=10 | class_weight=balanced | tol=10 | degree=1 | gamma=0.01 | coef0=3,10.0,balanced,10.0,1,0.01,3,4,0.44668587896253603,0.19952827446453336,0.44668587896253603,0.2758418774469844,0.5,0.30563191566521886
C=10 | class_weight=balanced | tol=10 | degree=1 | gamma=0.01 | coef0=3,10.0,balanced,10.0,1,0.01,3,5,0.44690052859202306,0.19972008245582962,0.44690052859202306,0.2760660854138701,0.5,0.30584005166997996
C=10 | class_weight=balanced | tol=10 | degree=1 | gamma=0.5 | coef0=0,10.0,balanced,10.0,1,0.5,0,1,0.44668587896253603,0.19952827446453336,0.44668587896253603,0.2758418774469844,0.5,0.30576018219383744
C=10 | class_weight=balanced | tol=10 | degree=1 | gamma=0.5 | coef0=0,10.0,balanced,10.0,1,0.5,0,2,0.44668587896253603,0.19952827446453336,0.44668587896253603,0.2758418774469844,0.5,0.3059502750348119
C=10 | class_weight=balanced | tol=10 | degree=1 | gamma=0.5 | coef0=0,10.0,balanced,10.0,1,0.5,0,3,0.4462055715658021,0.19909941209636414,0.4462055715658021,0.27534040251386926,0.5,0.30541413940080153
C=10 | class_weight=balanced | tol=10 | degree=1 | gamma=0.5 | coef0=0,10.0,balanced,10.0,1,0.5,0,4,0.44668587896253603,0.19952827446453336,0.44668587896253603,0.2758418774469844,0.5,0.30563191566521886
C=10 | class_weight=balanced | tol=10 | degree=1 | gamma=0.5 | coef0=0,10.0,balanced,10.0,1,0.5,0,5,0.44690052859202306,0.19972008245582962,0.44690052859202306,0.2760660854138701,0.5,0.30584005166997996
C=10 | class_weight=balanced | tol=10 | degree=1 | gamma=0.5 | coef0=3,10.0,balanced,10.0,1,0.5,3,1,0.44668587896253603,0.19952827446453336,0.44668587896253603,0.2758418774469844,0.5,0.30576018219383744
C=10 | class_weight=balanced | tol=10 | degree=1 | gamma=0.5 | coef0=3,10.0,balanced,10.0,1,0.5,3,2,0.44668587896253603,0.19952827446453336,0.44668587896253603,0.2758418774469844,0.5,0.3059502750348119
C=10 | class_weight=balanced | tol=10 | degree=1 | gamma=0.5 | coef0=3,10.0,balanced,10.0,1,0.5,3,3,0.4462055715658021,0.19909941209636414,0.4462055715658021,0.27534040251386926,0.5,0.30541413940080153
C=10 | class_weight=balanced | tol=10 | degree=1 | gamma=0.5 | coef0=3,10.0,balanced,10.0,1,0.5,3,4,0.44668587896253603,0.19952827446453336,0.44668587896253603,0.2758418774469844,0.5,0.30563191566521886
C=10 | class_weight=balanced | tol=10 | degree=1 | gamma=0.5 | coef0=3,10.0,balanced,10.0,1,0.5,3,5,0.44690052859202306,0.19972008245582962,0.44690052859202306,0.2760660854138701,0.5,0.30584005166997996
C=10 | class_weight=balanced | tol=10 | degree=5 | gamma=0.01 | coef0=0,10.0,balanced,10.0,5,0.01,0,1,0.44668587896253603,0.19952827446453336,0.44668587896253603,0.2758418774469844,0.5,0.30576018219383744
C=10 | class_weight=balanced | tol=10 | degree=5 | gamma=0.01 | coef0=0,10.0,balanced,10.0,5,0.01,0,2,0.44668587896253603,0.19952827446453336,0.44668587896253603,0.2758418774469844,0.5,0.3059502750348119
C=10 | class_weight=balanced | tol=10 | degree=5 | gamma=0.01 | coef0=0,10.0,balanced,10.0,5,0.01,0,3,0.4462055715658021,0.19909941209636414,0.4462055715658021,0.27534040251386926,0.5,0.30541413940080153
C=10 | class_weight=balanced | tol=10 | degree=5 | gamma=0.01 | coef0=0,10.0,balanced,10.0,5,0.01,0,4,0.44668587896253603,0.19952827446453336,0.44668587896253603,0.2758418774469844,0.5,0.30563191566521886
C=10 | class_weight=balanced | tol=10 | degree=5 | gamma=0.01 | coef0=0,10.0,balanced,10.0,5,0.01,0,5,0.44690052859202306,0.19972008245582962,0.44690052859202306,0.2760660854138701,0.5,0.30584005166997996
C=10 | class_weight=balanced | tol=10 | degree=5 | gamma=0.01 | coef0=3,10.0,balanced,10.0,5,0.01,3,1,0.44668587896253603,0.19952827446453336,0.44668587896253603,0.2758418774469844,0.5,0.30576018219383744
C=10 | class_weight=balanced | tol=10 | degree=5 | gamma=0.01 | coef0=3,10.0,balanced,10.0,5,0.01,3,2,0.44668587896253603,0.19952827446453336,0.44668587896253603,0.2758418774469844,0.5,0.3059502750348119
C=10 | class_weight=balanced | tol=10 | degree=5 | gamma=0.01 | coef0=3,10.0,balanced,10.0,5,0.01,3,3,0.4462055715658021,0.19909941209636414,0.4462055715658021,0.27534040251386926,0.5,0.30541413940080153
C=10 | class_weight=balanced | tol=10 | degree=5 | gamma=0.01 | coef0=3,10.0,balanced,10.0,5,0.01,3,4,0.44668587896253603,0.19952827446453336,0.44668587896253603,0.2758418774469844,0.5,0.30563191566521886
C=10 | class_weight=balanced | tol=10 | degree=5 | gamma=0.01 | coef0=3,10.0,balanced,10.0,5,0.01,3,5,0.44690052859202306,0.19972008245582962,0.44690052859202306,0.2760660854138701,0.5,0.30584005166997996
C=10 | class_weight=balanced | tol=10 | degree=5 | gamma=0.5 | coef0=0,10.0,balanced,10.0,5,0.5,0,1,0.44668587896253603,0.19952827446453336,0.44668587896253603,0.2758418774469844,0.5,0.30576018219383744
C=10 | class_weight=balanced | tol=10 | degree=5 | gamma=0.5 | coef0=0,10.0,balanced,10.0,5,0.5,0,2,0.44668587896253603,0.19952827446453336,0.44668587896253603,0.2758418774469844,0.5,0.3059502750348119
C=10 | class_weight=balanced | tol=10 | degree=5 | gamma=0.5 | coef0=0,10.0,balanced,10.0,5,0.5,0,3,0.4462055715658021,0.19909941209636414,0.4462055715658021,0.27534040251386926,0.5,0.30541413940080153
C=10 | class_weight=balanced | tol=10 | degree=5 | gamma=0.5 | coef0=0,10.0,balanced,10.0,5,0.5,0,4,0.44668587896253603,0.19952827446453336,0.44668587896253603,0.2758418774469844,0.5,0.30563191566521886
C=10 | class_weight=balanced | tol=10 | degree=5 | gamma=0.5 | coef0=0,10.0,balanced,10.0,5,0.5,0,5,0.44690052859202306,0.19972008245582962,0.44690052859202306,0.2760660854138701,0.5,0.30584005166997996
C=10 | class_weight=balanced | tol=10 | degree=5 | gamma=0.5 | coef0=3,10.0,balanced,10.0,5,0.5,3,1,0.44668587896253603,0.19952827446453336,0.44668587896253603,0.2758418774469844,0.5,0.30576018219383744
C=10 | class_weight=balanced | tol=10 | degree=5 | gamma=0.5 | coef0=3,10.0,balanced,10.0,5,0.5,3,2,0.44668587896253603,0.19952827446453336,0.44668587896253603,0.2758418774469844,0.5,0.3059502750348119
C=10 | class_weight=balanced | tol=10 | degree=5 | gamma=0.5 | coef0=3,10.0,balanced,10.0,5,0.5,3,3,0.4462055715658021,0.19909941209636414,0.4462055715658021,0.27534040251386926,0.5,0.30541413940080153
C=10 | class_weight=balanced | tol=10 | degree=5 | gamma=0.5 | coef0=3,10.0,balanced,10.0,5,0.5,3,4,0.44668587896253603,0.19952827446453336,0.44668587896253603,0.2758418774469844,0.5,0.30563191566521886
C=10 | class_weight=balanced | tol=10 | degree=5 | gamma=0.5 | coef0=3,10.0,balanced,10.0,5,0.5,3,5,0.44690052859202306,0.19972008245582962,0.44690052859202306,0.2760660854138701,0.5,0.30584005166997996
C=10 | class_weight=None | tol=0.1 | degree=1 | gamma=0.01 | coef0=0,10.0,,0.1,1,0.01,0,1,0.45244956772334294,0.2924609933269563,0.45244956772334294,0.3380512394153443,0.687323702074575,0.4612986997039185
C=10 | class_weight=None | tol=0.1 | degree=1 | gamma=0.01 | coef0=0,10.0,,0.1,1,0.01,0,2,0.45004803073967337,0.28511183327542394,0.45004803073967337,0.33283985190406373,0.6841359801335762,0.43627293608743195
C=10 | class_weight=None | tol=0.1 | degree=1 | gamma=0.01 | coef0=0,10.0,,0.1,1,0.01,0,3,0.44668587896253603,0.2810736363635132,0.44668587896253603,0.3295488274025988,0.6758636921024903,0.43797513132760313
C=10 | class_weight=None | tol=0.1 | degree=1 | gamma=0.01 | coef0=0,10.0,,0.1,1,0.01,0,4,0.4510086455331412,0.2889884815164509,0.4510086455331412,0.3323528407821996,0.6887494360991744,0.4470600404130071
C=10 | class_weight=None | tol=0.1 | degree=1 | gamma=0.01 | coef0=0,10.0,,0.1,1,0.01,0,5,0.4430562229697261,0.2811623866481406,0.4430562229697261,0.3281835232381815,0.6366259310459834,0.3879316203419835
C=10 | class_weight=None | tol=0.1 | degree=1 | gamma=0.01 | coef0=3,10.0,,0.1,1,0.01,3,1,0.45244956772334294,0.2926443765195265,0.45244956772334294,0.33803822678355677,0.6888329450143603,0.4554501917636308
C=10 | class_weight=None | tol=0.1 | degree=1 | gamma=0.01 | coef0=3,10.0,,0.1,1,0.01,3,2,0.45004803073967337,0.2852688959032029,0.45004803073967337,0.33281699240622603,0.6845645136437638,0.4513933539821274
C=10 | class_weight=None | tol=0.1 | degree=1 | gamma=0.01 | coef0=3,10.0,,0.1,1,0.01,3,3,0.44668587896253603,0.2810736363635132,0.44668587896253603,0.3295488274025988,0.6745795720603533,0.43590099048194697
C=10 | class_weight=None | tol=0.1 | degree=1 | gamma=0.01 | coef0=3,10.0,,0.1,1,0.01,3,4,0.4510086455331412,0.2885751409665956,0.4510086455331412,0.33238851210028375,0.6913476694485668,0.452142475062765
C=10 | class_weight=None | tol=0.1 | degree=1 | gamma=0.01 | coef0=3,10.0,,0.1,1,0.01,3,5,0.4435367611725132,0.2817216512728547,0.4435367611725132,0.32846799223228956,0.6666496279639592,0.4296372570819725
C=10 | class_weight=None | tol=0.1 | degree=1 | gamma=0.5 | coef0=0,10.0,,0.1,1,0.5,0,1,0.45244956772334294,0.2926443765195265,0.45244956772334294,0.33803822678355677,0.6908394431331996,0.4552192580919231
C=10 | class_weight=None | tol=0.1 | degree=1 | gamma=0.5 | coef0=0,10.0,,0.1,1,0.5,0,2,0.45004803073967337,0.2852688959032029,0.45004803073967337,0.33281699240622603,0.6926116674280459,0.45976127977366077
C=10 | class_weight=None | tol=0.1 | degree=1 | gamma=0.5 | coef0=0,10.0,,0.1,1,0.5,0,3,0.44668587896253603,0.2810736363635132,0.44668587896253603,0.3295488274025988,0.6792929623486139,0.4417254387092797
C=10 | class_weight=None | tol=0.1 | degree=1 | gamma=0.5 | coef0=0,10.0,,0.1,1,0.5,0,4,0.4510086455331412,0.2889884815164509,0.4510086455331412,0.3323528407821996,0.6901655468633724,0.4552494463349026
C=10 | class_weight=None | tol=0.1 | degree=1 | gamma=0.5 | coef0=0,10.0,,0.1,1,0.5,0,5,0.4435367611725132,0.2817216512728547,0.4435367611725132,0.32846799223228956,0.6686522172104632,0.43776224232819205
C=10 | class_weight=None | tol=0.1 | degree=1 | gamma=0.5 | coef0=3,10.0,,0.1,1,0.5,3,1,0.45244956772334294,0.2926443765195265,0.45244956772334294,0.33803822678355677,0.6963187367625439,0.4651245861475685
C=10 | class_weight=None | tol=0.1 | degree=1 | gamma=0.5 | coef0=3,10.0,,0.1,1,0.5,3,2,0.45004803073967337,0.2852688959032029,0.45004803073967337,0.33281699240622603,0.6822824093547157,0.4428548956202562
C=10 | class_weight=None | tol=0.1 | degree=1 | gamma=0.5 | coef0=3,10.0,,0.1,1,0.5,3,3,0.4462055715658021,0.2806825184566589,0.4462055715658021,0.3292469939853004,0.663842768876017,0.4305587737098555
C=10 | class_weight=None | tol=0.1 | degree=1 | gamma=0.5 | coef0=3,10.0,,0.1,1,0.5,3,4,0.4510086455331412,0.2889884815164509,0.4510086455331412,0.3323528407821996,0.6838598799954948,0.4461983924236385
C=10 | class_weight=None | tol=0.1 | degree=1 | gamma=0.5 | coef0=3,10.0,,0.1,1,0.5,3,5,0.4435367611725132,0.28156534953606427,0.4435367611725132,0.32848949731815646,0.6764033301893415,0.46415560335893946
C=10 | class_weight=None | tol=0.1 | degree=5 | gamma=0.01 | coef0=0,10.0,,0.1,5,0.01,0,1,0.5187319884726225,0.47084715223481927,0.5187319884726225,0.40892666750144163,0.6913179510164067,0.4978914202379226
C=10 | class_weight=None | tol=0.1 | degree=5 | gamma=0.01 | coef0=0,10.0,,0.1,5,0.01,0,2,0.5115273775216138,0.4528055139963842,0.5115273775216138,0.3975014256554376,0.696982269509258,0.5080650931181364
C=10 | class_weight=None | tol=0.1 | degree=5 | gamma=0.01 | coef0=0,10.0,,0.1,5,0.01,0,3,0.5120076849183477,0.45743156314814104,0.5120076849183477,0.39694972835854925,0.6773808058825899,0.49035889045079784
C=10 | class_weight=None | tol=0.1 | degree=5 | gamma=0.01 | coef0=0,10.0,,0.1,5,0.01,0,4,0.5057636887608069,0.45581416641358885,0.5057636887608069,0.38876729151381473,0.6939160514490083,0.5055896750971601
C=10 | class_weight=None | tol=0.1 | degree=5 | gamma=0.01 | coef0=0,10.0,,0.1,5,0.01,0,5,0.5160980297933686,0.466167761213656,0.5160980297933686,0.4031299580690024,0.6801162716595055,0.49330961710925936
C=10 | class_weight=None | tol=0.1 | degree=5 | gamma=0.01 | coef0=3,10.0,,0.1,5,0.01,3,1,0.7689721421709894,0.769044149471843,0.7689721421709894,0.7636869618214072,0.9340081672133428,0.8512849702772081
C=10 | class_weight=None | tol=0.1 | degree=5 | gamma=0.01 | coef0=3,10.0,,0.1,5,0.01,3,2,0.7761767531219981,0.7750204555722876,0.7761767531219981,0.7727330118080249,0.9401905602617989,0.8584424452259707
C=10 | class_weight=None | tol=0.1 | degree=5 | gamma=0.01 | coef0=3,10.0,,0.1,5,0.01,3,3,0.7780979827089337,0.7786427651786855,0.7780979827089337,0.7738943158390433,0.9449729582476963,0.8679904031407951
C=10 | class_weight=None | tol=0.1 | degree=5 | gamma=0.01 | coef0=3,10.0,,0.1,5,0.01,3,4,0.7646493756003843,0.7640971438310322,0.7646493756003843,0.7591556765481021,0.9374692538326689,0.8505490328211284
C=10 | class_weight=None | tol=0.1 | degree=5 | gamma=0.01 | coef0=3,10.0,,0.1,5,0.01,3,5,0.7568476693897165,0.7568808602822706,0.7568476693897165,0.7533816081036079,0.9300927323834366,0.8352335078176989
C=10 | class_weight=None | tol=0.1 | degree=5 | gamma=0.5 | coef0=0,10.0,,0.1,5,0.5,0,1,0.6575408261287223,0.7001989961450119,0.6575408261287223,0.6312579448769962,0.8683580496989811,0.748369925929164
C=10 | class_weight=None | tol=0.1 | degree=5 | gamma=0.5 | coef0=0,10.0,,0.1,5,0.5,0,2,0.6556195965417867,0.7013872172059604,0.6556195965417867,0.6300320829504481,0.8621096212705809,0.7371711488908218
C=10 | class_weight=None | tol=0.1 | degree=5 | gamma=0.5 | coef0=0,10.0,,0.1,5,0.5,0,3,0.6551392891450528,0.6969010916981122,0.6551392891450528,0.626556138309166,0.8586289015636055,0.7308405746417046
C=10 | class_weight=None | tol=0.1 | degree=5 | gamma=0.5 | coef0=0,10.0,,0.1,5,0.5,0,4,0.6609029779058597,0.7092230738057659,0.6609029779058597,0.6324583684802004,0.865729324055397,0.7483918513828797
C=10 | class_weight=None | tol=0.1 | degree=5 | gamma=0.5 | coef0=0,10.0,,0.1,5,0.5,0,5,0.6535319557904854,0.7031803600288532,0.6535319557904854,0.6234629746564917,0.8580618232458201,0.7288533626145002
C=10 | class_weight=None | tol=0.1 | degree=5 | gamma=0.5 | coef0=3,10.0,,0.1,5,0.5,3,1,0.8808837656099904,0.8823611084011057,0.8808837656099904,0.8813408784567603,0.98158630401096,0.9510791544389332
C=10 | class_weight=None | tol=0.1 | degree=5 | gamma=0.5 | coef0=3,10.0,,0.1,5,0.5,3,2,0.8919308357348703,0.8936926739649186,0.8919308357348703,0.892414107383276,0.9822712322512657,0.9556072195895541
C=10 | class_weight=None | tol=0.1 | degree=5 | gamma=0.5 | coef0=3,10.0,,0.1,5,0.5,3,3,0.899135446685879,0.9005686449656415,0.899135446685879,0.8995978849710612,0.9822142213515458,0.9520589110198701
C=10 | class_weight=None | tol=0.1 | degree=5 | gamma=0.5 | coef0=3,10.0,,0.1,5,0.5,3,4,0.8952929875120077,0.8969044213286277,0.8952929875120077,0.895837595772273,0.9843578649124638,0.9562732782339493
C=10 | class_weight=None | tol=0.1 | degree=5 | gamma=0.5 | coef0=3,10.0,,0.1,5,0.5,3,5,0.86977414704469,0.8728259901961893,0.86977414704469,0.8706371805792418,0.9809394905508665,0.9492913034627831
C=10 | class_weight=None | tol=10 | degree=1 | gamma=0.01 | coef0=0,10.0,,10.0,1,0.01,0,1,0.44668587896253603,0.19952827446453336,0.44668587896253603,0.2758418774469844,0.5,0.30576018219383744
C=10 | class_weight=None | tol=10 | degree=1 | gamma=0.01 | coef0=0,10.0,,10.0,1,0.01,0,2,0.44668587896253603,0.19952827446453336,0.44668587896253603,0.2758418774469844,0.5,0.3059502750348119
C=10 | class_weight=None | tol=10 | degree=1 | gamma=0.01 | coef0=0,10.0,,10.0,1,0.01,0,3,0.4462055715658021,0.19909941209636414,0.4462055715658021,0.27534040251386926,0.5,0.30541413940080153
C=10 | class_weight=None | tol=10 | degree=1 | gamma=0.01 | coef0=0,10.0,,10.0,1,0.01,0,4,0.44668587896253603,0.19952827446453336,0.44668587896253603,0.2758418774469844,0.5,0.30563191566521886
C=10 | class_weight=None | tol=10 | degree=1 | gamma=0.01 | coef0=0,10.0,,10.0,1,0.01,0,5,0.44690052859202306,0.19972008245582962,0.44690052859202306,0.2760660854138701,0.5,0.30584005166997996
C=10 | class_weight=None | tol=10 | degree=1 | gamma=0.01 | coef0=3,10.0,,10.0,1,0.01,3,1,0.44668587896253603,0.19952827446453336,0.44668587896253603,0.2758418774469844,0.5,0.30576018219383744
C=10 | class_weight=None | tol=10 | degree=1 | gamma=0.01 | coef0=3,10.0,,10.0,1,0.01,3,2,0.44668587896253603,0.19952827446453336,0.44668587896253603,0.2758418774469844,0.5,0.3059502750348119
C=10 | class_weight=None | tol=10 | degree=1 | gamma=0.01 | coef0=3,10.0,,10.0,1,0.01,3,3,0.4462055715658021,0.19909941209636414,0.4462055715658021,0.27534040251386926,0.5,0.30541413940080153
C=10 | class_weight=None | tol=10 | degree=1 | gamma=0.01 | coef0=3,10.0,,10.0,1,0.01,3,4,0.44668587896253603,0.19952827446453336,0.44668587896253603,0.2758418774469844,0.5,0.30563191566521886
C=10 | class_weight=None | tol=10 | degree=1 | gamma=0.01 | coef0=3,10.0,,10.0,1,0.01,3,5,0.44690052859202306,0.19972008245582962,0.44690052859202306,0.2760660854138701,0.5,0.30584005166997996
C=10 | class_weight=None | tol=10 | degree=1 | gamma=0.5 | coef0=0,10.0,,10.0,1,0.5,0,1,0.44668587896253603,0.19952827446453336,0.44668587896253603,0.2758418774469844,0.5,0.30576018219383744
C=10 | class_weight=None | tol=10 | degree=1 | gamma=0.5 | coef0=0,10.0,,10.0,1,0.5,0,2,0.44668587896253603,0.19952827446453336,0.44668587896253603,0.2758418774469844,0.5,0.3059502750348119
C=10 | class_weight=None | tol=10 | degree=1 | gamma=0.5 | coef0=0,10.0,,10.0,1,0.5,0,3,0.4462055715658021,0.19909941209636414,0.4462055715658021,0.27534040251386926,0.5,0.30541413940080153
C=10 | class_weight=None | tol=10 | degree=1 | gamma=0.5 | coef0=0,10.0,,10.0,1,0.5,0,4,0.44668587896253603,0.19952827446453336,0.44668587896253603,0.2758418774469844,0.5,0.30563191566521886
C=10 | class_weight=None | tol=10 | degree=1 | gamma=0.5 | coef0=0,10.0,,10.0,1,0.5,0,5,0.44690052859202306,0.19972008245582962,0.44690052859202306,0.2760660854138701,0.5,0.30584005166997996
C=10 | class_weight=None | tol=10 | degree=1 | gamma=0.5 | coef0=3,10.0,,10.0,1,0.5,3,1,0.44668587896253603,0.19952827446453336,0.44668587896253603,0.2758418774469844,0.5,0.30576018219383744
C=10 | class_weight=None | tol=10 | degree=1 | gamma=0.5 | coef0=3,10.0,,10.0,1,0.5,3,2,0.44668587896253603,0.19952827446453336,0.44668587896253603,0.2758418774469844,0.5,0.3059502750348119
C=10 | class_weight=None | tol=10 | degree=1 | gamma=0.5 | coef0=3,10.0,,10.0,1,0.5,3,3,0.4462055715658021,0.19909941209636414,0.4462055715658021,0.27534040251386926,0.5,0.30541413940080153
C=10 | class_weight=None | tol=10 | degree=1 | gamma=0.5 | coef0=3,10.0,,10.0,1,0.5,3,4,0.44668587896253603,0.19952827446453336,0.44668587896253603,0.2758418774469844,0.5,0.30563191566521886
C=10 | class_weight=None | tol=10 | degree=1 | gamma=0.5 | coef0=3,10.0,,10.0,1,0.5,3,5,0.44690052859202306,0.19972008245582962,0.44690052859202306,0.2760660854138701,0.5,0.30584005166997996
C=10 | class_weight=None | tol=10 | degree=5 | gamma=0.01 | coef0=0,10.0,,10.0,5,0.01,0,1,0.44668587896253603,0.19952827446453336,0.44668587896253603,0.2758418774469844,0.5,0.30576018219383744
C=10 | class_weight=None | tol=10 | degree=5 | gamma=0.01 | coef0=0,10.0,,10.0,5,0.01,0,2,0.44668587896253603,0.19952827446453336,0.44668587896253603,0.2758418774469844,0.5,0.3059502750348119
C=10 | class_weight=None | tol=10 | degree=5 | gamma=0.01 | coef0=0,10.0,,10.0,5,0.01,0,3,0.4462055715658021,0.19909941209636414,0.4462055715658021,0.27534040251386926,0.5,0.30541413940080153
C=10 | class_weight=None | tol=10 | degree=5 | gamma=0.01 | coef0=0,10.0,,10.0,5,0.01,0,4,0.44668587896253603,0.19952827446453336,0.44668587896253603,0.2758418774469844,0.5,0.30563191566521886
C=10 | class_weight=None | tol=10 | degree=5 | gamma=0.01 | coef0=0,10.0,,10.0,5,0.01,0,5,0.44690052859202306,0.19972008245582962,0.44690052859202306,0.2760660854138701,0.5,0.30584005166997996
C=10 | class_weight=None | tol=10 | degree=5 | gamma=0.01 | coef0=3,10.0,,10.0,5,0.01,3,1,0.44668587896253603,0.19952827446453336,0.44668587896253603,0.2758418774469844,0.5,0.30576018219383744
C=10 | class_weight=None | tol=10 | degree=5 | gamma=0.01 | coef0=3,10.0,,10.0,5,0.01,3,2,0.44668587896253603,0.19952827446453336,0.44668587896253603,0.2758418774469844,0.5,0.3059502750348119
C=10 | class_weight=None | tol=10 | degree=5 | gamma=0.01 | coef0=3,10.0,,10.0,5,0.01,3,3,0.4462055715658021,0.19909941209636414,0.4462055715658021,0.27534040251386926,0.5,0.30541413940080153
C=10 | class_weight=None | tol=10 | degree=5 | gamma=0.01 | coef0=3,10.0,,10.0,5,0.01,3,4,0.44668587896253603,0.19952827446453336,0.44668587896253603,0.2758418774469844,0.5,0.30563191566521886
C=10 | class_weight=None | tol=10 | degree=5 | gamma=0.01 | coef0=3,10.0,,10.0,5,0.01,3,5,0.44690052859202306,0.19972008245582962,0.44690052859202306,0.2760660854138701,0.5,0.30584005166997996
C=10 | class_weight=None | tol=10 | degree=5 | gamma=0.5 | coef0=0,10.0,,10.0,5,0.5,0,1,0.44668587896253603,0.19952827446453336,0.44668587896253603,0.2758418774469844,0.5,0.30576018219383744
C=10 | class_weight=None | tol=10 | degree=5 | gamma=0.5 | coef0=0,10.0,,10.0,5,0.5,0,2,0.44668587896253603,0.19952827446453336,0.44668587896253603,0.2758418774469844,0.5,0.3059502750348119
C=10 | class_weight=None | tol=10 | degree=5 | gamma=0.5 | coef0=0,10.0,,10.0,5,0.5,0,3,0.4462055715658021,0.19909941209636414,0.4462055715658021,0.27534040251386926,0.5,0.30541413940080153
C=10 | class_weight=None | tol=10 | degree=5 | gamma=0.5 | coef0=0,10.0,,10.0,5,0.5,0,4,0.44668587896253603,0.19952827446453336,0.44668587896253603,0.2758418774469844,0.5,0.30563191566521886
C=10 | class_weight=None | tol=10 | degree=5 | gamma=0.5 | coef0=0,10.0,,10.0,5,0.5,0,5,0.44690052859202306,0.19972008245582962,0.44690052859202306,0.2760660854138701,0.5,0.30584005166997996
C=10 | class_weight=None | tol=10 | degree=5 | gamma=0.5 | coef0=3,10.0,,10.0,5,0.5,3,1,0.44668587896253603,0.19952827446453336,0.44668587896253603,0.2758418774469844,0.5,0.30576018219383744
C=10 | class_weight=None | tol=10 | degree=5 | gamma=0.5 | coef0=3,10.0,,10.0,5,0.5,3,2,0.44668587896253603,0.19952827446453336,0.44668587896253603,0.2758418774469844,0.5,0.3059502750348119
C=10 | class_weight=None | tol=10 | degree=5 | gamma=0.5 | coef0=3,10.0,,10.0,5,0.5,3,3,0.4462055715658021,0.19909941209636414,0.4462055715658021,0.27534040251386926,0.5,0.30541413940080153
C=10 | class_weight=None | tol=10 | degree=5 | gamma=0.5 | coef0=3,10.0,,10.0,5,0.5,3,4,0.44668587896253603,0.19952827446453336,0.44668587896253603,0.2758418774469844,0.5,0.30563191566521886
C=10 | class_weight=None | tol=10 | degree=5 | gamma=0.5 | coef0=3,10.0,,10.0,5,0.5,3,5,0.44690052859202306,0.19972008245582962,0.44690052859202306,0.2760660854138701,0.5,0.30584005166997996
