tag,C,class_weight,decision_function_shape,tol,gamma,coef0,fold,accuracy,precision,recall,F1,auroc,prauc
C=0.1 | class_weight=balanced | decision_function_shape=ovr | tol=0.1 | gamma=0.01 | coef0=0,0.1,balanced,ovr,0.1,0.01,0,1,0.34197886647454373,0.4691313879553624,0.34197886647454373,0.3327558057666943,0.6798759946460252,0.4510037757551761
C=0.1 | class_weight=balanced | decision_function_shape=ovr | tol=0.1 | gamma=0.01 | coef0=0,0.1,balanced,ovr,0.1,0.01,0,2,0.3318924111431316,0.4671662643964551,0.3318924111431316,0.31083082024614694,0.6957619612013538,0.4721188908679485
C=0.1 | class_weight=balanced | decision_function_shape=ovr | tol=0.1 | gamma=0.01 | coef0=0,0.1,balanced,ovr,0.1,0.01,0,3,0.3256484149855908,0.44224889172976956,0.3256484149855908,0.30782899185976303,0.6713077802910958,0.4460410126169407
C=0.1 | class_weight=balanced | decision_function_shape=ovr | tol=0.1 | gamma=0.01 | coef0=0,0.1,balanced,ovr,0.1,0.01,0,4,0.34390009606147937,0.45409909322718645,0.34390009606147937,0.3285984535909013,0.6827090655490331,0.4555572663383489
C=0.1 | class_weight=balanced | decision_function_shape=ovr | tol=0.1 | gamma=0.01 | coef0=0,0.1,balanced,ovr,0.1,0.01,0,5,0.33781835655934644,0.4652128414939622,0.33781835655934644,0.3273204363278482,0.6746746900834566,0.4451054569141998
C=0.1 | class_weight=balanced | decision_function_shape=ovr | tol=0.1 | gamma=0.01 | coef0=3,0.1,balanced,ovr,0.1,0.01,3,1,0.44668587896253603,0.19952827446453336,0.44668587896253603,0.2758418774469844,0.4451306171638742,0.3030905019968695
C=0.1 | class_weight=balanced | decision_function_shape=ovr | tol=0.1 | gamma=0.01 | coef0=3,0.1,balanced,ovr,0.1,0.01,3,2,0.44668587896253603,0.19952827446453336,0.44668587896253603,0.2758418774469844,0.3976917598553213,0.28693583790746857
C=0.1 | class_weight=balanced | decision_function_shape=ovr | tol=0.1 | gamma=0.01 | coef0=3,0.1,balanced,ovr,0.1,0.01,3,3,0.2223823246878002,0.04945389833355019,0.2223823246878002,0.0809139617528106,0.3932395357121934,0.2691645469659216
C=0.1 | class_weight=balanced | decision_function_shape=ovr | tol=0.1 | gamma=0.01 | coef0=3,0.1,balanced,ovr,0.1,0.01,3,4,0.44668587896253603,0.19952827446453336,0.44668587896253603,0.2758418774469844,0.5438062538088116,0.376285984653626
C=0.1 | class_weight=balanced | decision_function_shape=ovr | tol=0.1 | gamma=0.01 | coef0=3,0.1,balanced,ovr,0.1,0.01,3,5,0.2542047092743873,0.07779660570699058,0.2542047092743873,0.11912112486696641,0.5208554270382948,0.3886475802137271
C=0.1 | class_weight=balanced | decision_function_shape=ovr | tol=0.1 | gamma=0.5 | coef0=0,0.1,balanced,ovr,0.1,0.5,0,1,0.11527377521613832,0.21409162501435722,0.11527377521613832,0.12337666616280028,0.6451459157533899,0.4419303180865312
C=0.1 | class_weight=balanced | decision_function_shape=ovr | tol=0.1 | gamma=0.5 | coef0=0,0.1,balanced,ovr,0.1,0.5,0,2,0.12536023054755044,0.23539817046550432,0.12536023054755044,0.13878626826546772,0.6482162216044058,0.439755560661646
C=0.1 | class_weight=balanced | decision_function_shape=ovr | tol=0.1 | gamma=0.5 | coef0=0,0.1,balanced,ovr,0.1,0.5,0,3,0.12295869356388088,0.23241634881520595,0.12295869356388088,0.1317281265872625,0.6458802839267762,0.44543477638837137
C=0.1 | class_weight=balanced | decision_function_shape=ovr | tol=0.1 | gamma=0.5 | coef0=0,0.1,balanced,ovr,0.1,0.5,0,4,0.14745437079731027,0.2538930790109987,0.14745437079731027,0.16148637829850024,0.6491972512899699,0.4485729887637556
C=0.1 | class_weight=balanced | decision_function_shape=ovr | tol=0.1 | gamma=0.5 | coef0=0,0.1,balanced,ovr,0.1,0.5,0,5,0.11244593945218645,0.26683249047432095,0.11244593945218645,0.13437351461402489,0.6477484083140403,0.43507070613954657
C=0.1 | class_weight=balanced | decision_function_shape=ovr | tol=0.1 | gamma=0.5 | coef0=3,0.1,balanced,ovr,0.1,0.5,3,1,0.07012487992315082,0.228580490582824,0.07012487992315082,0.08334592762676661,0.5856487443127666,0.39048489954981214
C=0.1 | class_weight=balanced | decision_function_shape=ovr | tol=0.1 | gamma=0.5 | coef0=3,0.1,balanced,ovr,0.1,0.5,3,2,0.06484149855907781,0.23487681662323234,0.06484149855907781,0.07308422961673758,0.5708570434273866,0.393290429635423
C=0.1 | class_weight=balanced | decision_function_shape=ovr | tol=0.1 | gamma=0.5 | coef0=3,0.1,balanced,ovr,0.1,0.5,3,3,0.06484149855907781,0.25078290229036493,0.06484149855907781,0.0731456654685372,0.5732984245528694,0.3963503895412945
C=0.1 | class_weight=balanced | decision_function_shape=ovr | tol=0.1 | gamma=0.5 | coef0=3,0.1,balanced,ovr,0.1,0.5,3,4,0.0686839577329491,0.2422787906942471,0.0686839577329491,0.08555178273357139,0.58006948896416,0.3696737122926521
C=0.1 | class_weight=balanced | decision_function_shape=ovr | tol=0.1 | gamma=0.5 | coef0=3,0.1,balanced,ovr,0.1,0.5,3,5,0.07015857760691975,0.2419166776939718,0.07015857760691975,0.0826979826278584,0.5814055375319743,0.37318723389437064
C=0.1 | class_weight=balanced | decision_function_shape=ovr | tol=10 | gamma=0.01 | coef0=0,0.1,balanced,ovr,10.0,0.01,0,1,0.44668587896253603,0.19952827446453336,0.44668587896253603,0.2758418774469844,0.5,0.30576018219383744
C=0.1 | class_weight=balanced | decision_function_shape=ovr | tol=10 | gamma=0.01 | coef0=0,0.1,balanced,ovr,10.0,0.01,0,2,0.44668587896253603,0.19952827446453336,0.44668587896253603,0.2758418774469844,0.5,0.3059502750348119
C=0.1 | class_weight=balanced | decision_function_shape=ovr | tol=10 | gamma=0.01 | coef0=0,0.1,balanced,ovr,10.0,0.01,0,3,0.4462055715658021,0.19909941209636414,0.4462055715658021,0.27534040251386926,0.5,0.30541413940080153
C=0.1 | class_weight=balanced | decision_function_shape=ovr | tol=10 | gamma=0.01 | coef0=0,0.1,balanced,ovr,10.0,0.01,0,4,0.44668587896253603,0.19952827446453336,0.44668587896253603,0.2758418774469844,0.5,0.30563191566521886
C=0.1 | class_weight=balanced | decision_function_shape=ovr | tol=10 | gamma=0.01 | coef0=0,0.1,balanced,ovr,10.0,0.01,0,5,0.44690052859202306,0.19972008245582962,0.44690052859202306,0.2760660854138701,0.5,0.30584005166997996
C=0.1 | class_weight=balanced | decision_function_shape=ovr | tol=10 | gamma=0.01 | coef0=3,0.1,balanced,ovr,10.0,0.01,3,1,0.44668587896253603,0.19952827446453336,0.44668587896253603,0.2758418774469844,0.5,0.30576018219383744
C=0.1 | class_weight=balanced | decision_function_shape=ovr | tol=10 | gamma=0.01 | coef0=3,0.1,balanced,ovr,10.0,0.01,3,2,0.44668587896253603,0.19952827446453336,0.44668587896253603,0.2758418774469844,0.5,0.3059502750348119
C=0.1 | class_weight=balanced | decision_function_shape=ovr | tol=10 | gamma=0.01 | coef0=3,0.1,balanced,ovr,10.0,0.01,3,3,0.4462055715658021,0.19909941209636414,0.4462055715658021,0.27534040251386926,0.5,0.30541413940080153
C=0.1 | class_weight=balanced | decision_function_shape=ovr | tol=10 | gamma=0.01 | coef0=3,0.1,balanced,ovr,10.0,0.01,3,4,0.44668587896253603,0.19952827446453336,0.44668587896253603,0.2758418774469844,0.5,0.30563191566521886
C=0.1 | class_weight=balanced | decision_function_shape=ovr | tol=10 | gamma=0.01 | coef0=3,0.1,balanced,ovr,10.0,0.01,3,5,0.44690052859202306,0.19972008245582962,0.44690052859202306,0.2760660854138701,0.5,0.30584005166997996
C=0.1 | class_weight=balanced | decision_function_shape=ovr | tol=10 | gamma=0.5 | coef0=0,0.1,balanced,ovr,10.0,0.5,0,1,0.44668587896253603,0.19952827446453336,0.44668587896253603,0.2758418774469844,0.5,0.30576018219383744
C=0.1 | class_weight=balanced | decision_function_shape=ovr | tol=10 | gamma=0.5 | coef0=0,0.1,balanced,ovr,10.0,0.5,0,2,0.44668587896253603,0.19952827446453336,0.44668587896253603,0.2758418774469844,0.5,0.3059502750348119
C=0.1 | class_weight=balanced | decision_function_shape=ovr | tol=10 | gamma=0.5 | coef0=0,0.1,balanced,ovr,10.0,0.5,0,3,0.4462055715658021,0.19909941209636414,0.4462055715658021,0.27534040251386926,0.5,0.30541413940080153
C=0.1 | class_weight=balanced | decision_function_shape=ovr | tol=10 | gamma=0.5 | coef0=0,0.1,balanced,ovr,10.0,0.5,0,4,0.44668587896253603,0.19952827446453336,0.44668587896253603,0.2758418774469844,0.5,0.30563191566521886
C=0.1 | class_weight=balanced | decision_function_shape=ovr | tol=10 | gamma=0.5 | coef0=0,0.1,balanced,ovr,10.0,0.5,0,5,0.44690052859202306,0.19972008245582962,0.44690052859202306,0.2760660854138701,0.5,0.30584005166997996
C=0.1 | class_weight=balanced | decision_function_shape=ovr | tol=10 | gamma=0.5 | coef0=3,0.1,balanced,ovr,10.0,0.5,3,1,0.44668587896253603,0.19952827446453336,0.44668587896253603,0.2758418774469844,0.5,0.30576018219383744
C=0.1 | class_weight=balanced | decision_function_shape=ovr | tol=10 | gamma=0.5 | coef0=3,0.1,balanced,ovr,10.0,0.5,3,2,0.44668587896253603,0.19952827446453336,0.44668587896253603,0.2758418774469844,0.5,0.3059502750348119
C=0.1 | class_weight=balanced | decision_function_shape=ovr | tol=10 | gamma=0.5 | coef0=3,0.1,balanced,ovr,10.0,0.5,3,3,0.4462055715658021,0.19909941209636414,0.4462055715658021,0.27534040251386926,0.5,0.30541413940080153
C=0.1 | class_weight=balanced | decision_function_shape=ovr | tol=10 | gamma=0.5 | coef0=3,0.1,balanced,ovr,10.0,0.5,3,4,0.44668587896253603,0.19952827446453336,0.44668587896253603,0.2758418774469844,0.5,0.30563191566521886
C=0.1 | class_weight=balanced | decision_function_shape=ovr | tol=10 | gamma=0.5 | coef0=3,0.1,balanced,ovr,10.0,0.5,3,5,0.44690052859202306,0.19972008245582962,0.44690052859202306,0.2760660854138701,0.5,0.30584005166997996
C=0.1 | class_weight=None | decision_function_shape=ovr | tol=0.1 | gamma=0.01 | coef0=0,0.1,,ovr,0.1,0.01,0,1,0.44668587896253603,0.19952827446453336,0.44668587896253603,0.2758418774469844,0.5958098818101184,0.3772115520564008
C=0.1 | class_weight=None | decision_function_shape=ovr | tol=0.1 | gamma=0.01 | coef0=0,0.1,,ovr,0.1,0.01,0,2,0.44668587896253603,0.19952827446453336,0.44668587896253603,0.2758418774469844,0.60206012384425,0.38631857104211764
C=0.1 | class_weight=None | decision_function_shape=ovr | tol=0.1 | gamma=0.01 | coef0=0,0.1,,ovr,0.1,0.01,0,3,0.4462055715658021,0.19909941209636414,0.4462055715658021,0.27534040251386926,0.6093527242437927,0.3950794560502777
C=0.1 | class_weight=None | decision_function_shape=ovr | tol=0.1 | gamma=0.01 | coef0=0,0.1,,ovr,0.1,0.01,0,4,0.44668587896253603,0.19952827446453336,0.44668587896253603,0.2758418774469844,0.6018961271798633,0.37849576030027754
C=0.1 | class_weight=None | decision_function_shape=ovr | tol=0.1 | gamma=0.01 | coef0=0,0.1,,ovr,0.1,0.01,0,5,0.45314752522825563,0.3882694955580328,0.45314752522825563,0.2916940543870892,0.6108613591467761,0.3937224859350398
C=0.1 | class_weight=None | decision_function_shape=ovr | tol=0.1 | gamma=0.01 | coef0=3,0.1,,ovr,0.1,0.01,3,1,0.44668587896253603,0.19952827446453336,0.44668587896253603,0.2758418774469844,0.5925566386042935,0.3356553898342195
C=0.1 | class_weight=None | decision_function_shape=ovr | tol=0.1 | gamma=0.01 | coef0=3,0.1,,ovr,0.1,0.01,3,2,0.44668587896253603,0.19952827446453336,0.44668587896253603,0.2758418774469844,0.5923086516208146,0.34625564966215916
C=0.1 | class_weight=None | decision_function_shape=ovr | tol=0.1 | gamma=0.01 | coef0=3,0.1,,ovr,0.1,0.01,3,3,0.4462055715658021,0.19909941209636414,0.4462055715658021,0.27534040251386926,0.5850788790978996,0.348786215289604
C=0.1 | class_weight=None | decision_function_shape=ovr | tol=0.1 | gamma=0.01 | coef0=3,0.1,,ovr,0.1,0.01,3,4,0.44668587896253603,0.19952827446453336,0.44668587896253603,0.2758418774469844,0.5806934473747446,0.3388515025802255
C=0.1 | class_weight=None | decision_function_shape=ovr | tol=0.1 | gamma=0.01 | coef0=3,0.1,,ovr,0.1,0.01,3,5,0.44690052859202306,0.19972008245582962,0.44690052859202306,0.2760660854138701,0.5704266264677339,0.3302096025436709
C=0.1 | class_weight=None | decision_function_shape=ovr | tol=0.1 | gamma=0.5 | coef0=0,0.1,,ovr,0.1,0.5,0,1,0.228626320845341,0.20258201181838914,0.228626320845341,0.20596747465091883,0.6600026133235887,0.44742490424867004
C=0.1 | class_weight=None | decision_function_shape=ovr | tol=0.1 | gamma=0.5 | coef0=0,0.1,,ovr,0.1,0.5,0,2,0.23150816522574447,0.210603783241319,0.23150816522574447,0.21101609743512126,0.6408763432528574,0.42916279763065046
C=0.1 | class_weight=None | decision_function_shape=ovr | tol=0.1 | gamma=0.5 | coef0=0,0.1,,ovr,0.1,0.5,0,3,0.20509125840537945,0.19336938748607918,0.20509125840537945,0.19291020666314362,0.6547838352144905,0.44419548120438057
C=0.1 | class_weight=None | decision_function_shape=ovr | tol=0.1 | gamma=0.5 | coef0=0,0.1,,ovr,0.1,0.5,0,4,0.23246878001921228,0.21410718103481002,0.23246878001921228,0.2134580639842963,0.6493136406659296,0.44220090015528857
C=0.1 | class_weight=None | decision_function_shape=ovr | tol=0.1 | gamma=0.5 | coef0=0,0.1,,ovr,0.1,0.5,0,5,0.23065833733781835,0.2096006158087312,0.23065833733781835,0.21002427620963707,0.6501674327565944,0.44175009611415
C=0.1 | class_weight=None | decision_function_shape=ovr | tol=0.1 | gamma=0.5 | coef0=3,0.1,,ovr,0.1,0.5,3,1,0.23919308357348704,0.23393794593391298,0.23919308357348704,0.23376097771812335,0.5887998439444163,0.3619430644566906
C=0.1 | class_weight=None | decision_function_shape=ovr | tol=0.1 | gamma=0.5 | coef0=3,0.1,,ovr,0.1,0.5,3,2,0.25600384245917385,0.2609785301071774,0.25600384245917385,0.24729355363116753,0.591651669751077,0.36999119743449105
C=0.1 | class_weight=None | decision_function_shape=ovr | tol=0.1 | gamma=0.5 | coef0=3,0.1,,ovr,0.1,0.5,3,3,0.22622478386167147,0.22740829157150724,0.22622478386167147,0.22493408819614813,0.593369766890839,0.41380536893514636
C=0.1 | class_weight=None | decision_function_shape=ovr | tol=0.1 | gamma=0.5 | coef0=3,0.1,,ovr,0.1,0.5,3,4,0.24879923150816521,0.24218058900846393,0.24879923150816521,0.24041130099976055,0.6062921964829041,0.38477166466310725
C=0.1 | class_weight=None | decision_function_shape=ovr | tol=0.1 | gamma=0.5 | coef0=3,0.1,,ovr,0.1,0.5,3,5,0.3344545891398366,0.2864089131454971,0.3344545891398366,0.2992177116766405,0.6021592695073126,0.360324984699703
C=0.1 | class_weight=None | decision_function_shape=ovr | tol=10 | gamma=0.01 | coef0=0,0.1,,ovr,10.0,0.01,0,1,0.44668587896253603,0.19952827446453336,0.44668587896253603,0.2758418774469844,0.5,0.30576018219383744
C=0.1 | class_weight=None | decision_function_shape=ovr | tol=10 | gamma=0.01 | coef0=0,0.1,,ovr,10.0,0.01,0,2,0.44668587896253603,0.19952827446453336,0.44668587896253603,0.2758418774469844,0.5,0.3059502750348119
C=0.1 | class_weight=None | decision_function_shape=ovr | tol=10 | gamma=0.01 | coef0=0,0.1,,ovr,10.0,0.01,0,3,0.4462055715658021,0.19909941209636414,0.4462055715658021,0.27534040251386926,0.5,0.30541413940080153
C=0.1 | class_weight=None | decision_function_shape=ovr | tol=10 | gamma=0.01 | coef0=0,0.1,,ovr,10.0,0.01,0,4,0.44668587896253603,0.19952827446453336,0.44668587896253603,0.2758418774469844,0.5,0.30563191566521886
C=0.1 | class_weight=None | decision_function_shape=ovr | tol=10 | gamma=0.01 | coef0=0,0.1,,ovr,10.0,0.01,0,5,0.44690052859202306,0.19972008245582962,0.44690052859202306,0.2760660854138701,0.5,0.30584005166997996
C=0.1 | class_weight=None | decision_function_shape=ovr | tol=10 | gamma=0.01 | coef0=3,0.1,,ovr,10.0,0.01,3,1,0.44668587896253603,0.19952827446453336,0.44668587896253603,0.2758418774469844,0.5,0.30576018219383744
C=0.1 | class_weight=None | decision_function_shape=ovr | tol=10 | gamma=0.01 | coef0=3,0.1,,ovr,10.0,0.01,3,2,0.44668587896253603,0.19952827446453336,0.44668587896253603,0.2758418774469844,0.5,0.3059502750348119
C=0.1 | class_weight=None | decision_function_shape=ovr | tol=10 | gamma=0.01 | coef0=3,0.1,,ovr,10.0,0.01,3,3,0.4462055715658021,0.19909941209636414,0.4462055715658021,0.27534040251386926,0.5,0.30541413940080153
C=0.1 | class_weight=None | decision_function_shape=ovr | tol=10 | gamma=0.01 | coef0=3,0.1,,ovr,10.0,0.01,3,4,0.44668587896253603,0.19952827446453336,0.44668587896253603,0.2758418774469844,0.5,0.30563191566521886
C=0.1 | class_weight=None | decision_function_shape=ovr | tol=10 | gamma=0.01 | coef0=3,0.1,,ovr,10.0,0.01,3,5,0.44690052859202306,0.19972008245582962,0.44690052859202306,0.2760660854138701,0.5,0.30584005166997996
C=0.1 | class_weight=None | decision_function_shape=ovr | tol=10 | gamma=0.5 | coef0=0,0.1,,ovr,10.0,0.5,0,1,0.44668587896253603,0.19952827446453336,0.44668587896253603,0.2758418774469844,0.5,0.30576018219383744
C=0.1 | class_weight=None | decision_function_shape=ovr | tol=10 | gamma=0.5 | coef0=0,0.1,,ovr,10.0,0.5,0,2,0.44668587896253603,0.19952827446453336,0.44668587896253603,0.2758418774469844,0.5,0.3059502750348119
C=0.1 | class_weight=None | decision_function_shape=ovr | tol=10 | gamma=0.5 | coef0=0,0.1,,ovr,10.0,0.5,0,3,0.4462055715658021,0.19909941209636414,0.4462055715658021,0.27534040251386926,0.5,0.30541413940080153
C=0.1 | class_weight=None | decision_function_shape=ovr | tol=10 | gamma=0.5 | coef0=0,0.1,,ovr,10.0,0.5,0,4,0.44668587896253603,0.19952827446453336,0.44668587896253603,0.2758418774469844,0.5,0.30563191566521886
C=0.1 | class_weight=None | decision_function_shape=ovr | tol=10 | gamma=0.5 | coef0=0,0.1,,ovr,10.0,0.5,0,5,0.44690052859202306,0.19972008245582962,0.44690052859202306,0.2760660854138701,0.5,0.30584005166997996
C=0.1 | class_weight=None | decision_function_shape=ovr | tol=10 | gamma=0.5 | coef0=3,0.1,,ovr,10.0,0.5,3,1,0.44668587896253603,0.19952827446453336,0.44668587896253603,0.2758418774469844,0.5,0.30576018219383744
C=0.1 | class_weight=None | decision_function_shape=ovr | tol=10 | gamma=0.5 | coef0=3,0.1,,ovr,10.0,0.5,3,2,0.44668587896253603,0.19952827446453336,0.44668587896253603,0.2758418774469844,0.5,0.3059502750348119
C=0.1 | class_weight=None | decision_function_shape=ovr | tol=10 | gamma=0.5 | coef0=3,0.1,,ovr,10.0,0.5,3,3,0.4462055715658021,0.19909941209636414,0.4462055715658021,0.27534040251386926,0.5,0.30541413940080153
C=0.1 | class_weight=None | decision_function_shape=ovr | tol=10 | gamma=0.5 | coef0=3,0.1,,ovr,10.0,0.5,3,4,0.44668587896253603,0.19952827446453336,0.44668587896253603,0.2758418774469844,0.5,0.30563191566521886
C=0.1 | class_weight=None | decision_function_shape=ovr | tol=10 | gamma=0.5 | coef0=3,0.1,,ovr,10.0,0.5,3,5,0.44690052859202306,0.19972008245582962,0.44690052859202306,0.2760660854138701,0.5,0.30584005166997996
C=1 | class_weight=balanced | decision_function_shape=ovr | tol=0.1 | gamma=0.01 | coef0=0,1.0,balanced,ovr,0.1,0.01,0,1,0.3270893371757925,0.48655741398356284,0.3270893371757925,0.3055892223267315,0.6653273232946421,0.4321536011122069
C=1 | class_weight=balanced | decision_function_shape=ovr | tol=0.1 | gamma=0.01 | coef0=0,1.0,balanced,ovr,0.1,0.01,0,2,0.3318924111431316,0.5448126738363624,0.3318924111431316,0.3052779356923399,0.6783810679017883,0.45387098209194177
C=1 | class_weight=balanced | decision_function_shape=ovr | tol=0.1 | gamma=0.01 | coef0=0,1.0,balanced,ovr,0.1,0.01,0,3,0.3376560999039385,0.536469161268172,0.3376560999039385,0.310315724160371,0.6562490837309254,0.43100470665405033
C=1 | class_weight=balanced | decision_function_shape=ovr | tol=0.1 | gamma=0.01 | coef0=0,1.0,balanced,ovr,0.1,0.01,0,4,0.3424591738712776,0.5045742540560078,0.3424591738712776,0.31276588280303863,0.669438251643287,0.43997885407677256
C=1 | class_weight=balanced | decision_function_shape=ovr | tol=0.1 | gamma=0.01 | coef0=0,1.0,balanced,ovr,0.1,0.01,0,5,0.3118692936088419,0.47192608894653887,0.3118692936088419,0.28533205461027344,0.6597600674154044,0.4291394736488002
C=1 | class_weight=balanced | decision_function_shape=ovr | tol=0.1 | gamma=0.01 | coef0=3,1.0,balanced,ovr,0.1,0.01,3,1,0.297790585975024,0.3239718590952464,0.297790585975024,0.29996445351848505,0.674657007925903,0.4475660003934897
C=1 | class_weight=balanced | decision_function_shape=ovr | tol=0.1 | gamma=0.01 | coef0=3,1.0,balanced,ovr,0.1,0.01,3,2,0.3035542747358309,0.31953389156036216,0.3035542747358309,0.300792526128022,0.6824988544651222,0.4550366069629403
C=1 | class_weight=balanced | decision_function_shape=ovr | tol=0.1 | gamma=0.01 | coef0=3,1.0,balanced,ovr,0.1,0.01,3,3,0.29346781940441885,0.31834197891628,0.29346781940441885,0.29428772321309676,0.6705065081204566,0.4522325176159784
C=1 | class_weight=balanced | decision_function_shape=ovr | tol=0.1 | gamma=0.01 | coef0=3,1.0,balanced,ovr,0.1,0.01,3,4,0.3376560999039385,0.30734519195405996,0.3376560999039385,0.3076630470275039,0.6741085223447179,0.4421591980177529
C=1 | class_weight=balanced | decision_function_shape=ovr | tol=0.1 | gamma=0.01 | coef0=3,1.0,balanced,ovr,0.1,0.01,3,5,0.2580490148966843,0.6595769333640737,0.2580490148966843,0.15161626978135387,0.6668421170316691,0.4354012182869328
C=1 | class_weight=balanced | decision_function_shape=ovr | tol=0.1 | gamma=0.5 | coef0=0,1.0,balanced,ovr,0.1,0.5,0,1,0.12776176753121998,0.22708815354812958,0.12776176753121998,0.13581185488907419,0.6415245801723178,0.4412221060371194
C=1 | class_weight=balanced | decision_function_shape=ovr | tol=0.1 | gamma=0.5 | coef0=0,1.0,balanced,ovr,0.1,0.5,0,2,0.12007684918347743,0.2325915689875173,0.12007684918347743,0.13311480422371674,0.6404141429310869,0.43833311747417064
C=1 | class_weight=balanced | decision_function_shape=ovr | tol=0.1 | gamma=0.5 | coef0=0,1.0,balanced,ovr,0.1,0.5,0,3,0.11719500480307397,0.22388127996697516,0.11719500480307397,0.12571097357899022,0.6445333266630691,0.4484887781960157
C=1 | class_weight=balanced | decision_function_shape=ovr | tol=0.1 | gamma=0.5 | coef0=0,1.0,balanced,ovr,0.1,0.5,0,4,0.1431316042267051,0.2512530146139434,0.1431316042267051,0.1554528240706962,0.6457894173161511,0.45052395831062886
C=1 | class_weight=balanced | decision_function_shape=ovr | tol=0.1 | gamma=0.5 | coef0=0,1.0,balanced,ovr,0.1,0.5,0,5,0.14320038443056224,0.2787233648363802,0.14320038443056224,0.1638184523899766,0.6408283212737337,0.43603331531229
C=1 | class_weight=balanced | decision_function_shape=ovr | tol=0.1 | gamma=0.5 | coef0=3,1.0,balanced,ovr,0.1,0.5,3,1,0.0686839577329491,0.23678484448022952,0.0686839577329491,0.08302518408084025,0.5846485010644461,0.3878824207877515
C=1 | class_weight=balanced | decision_function_shape=ovr | tol=0.1 | gamma=0.5 | coef0=3,1.0,balanced,ovr,0.1,0.5,3,2,0.06484149855907781,0.24124687964832656,0.06484149855907781,0.07321823566239864,0.5710854700409347,0.39359574186835533
C=1 | class_weight=balanced | decision_function_shape=ovr | tol=0.1 | gamma=0.5 | coef0=3,1.0,balanced,ovr,0.1,0.5,3,3,0.06340057636887608,0.2498723688853961,0.06340057636887608,0.07081492003952765,0.5801961156409218,0.4017364212764794
C=1 | class_weight=balanced | decision_function_shape=ovr | tol=0.1 | gamma=0.5 | coef0=3,1.0,balanced,ovr,0.1,0.5,3,4,0.06772334293948126,0.2481921006633851,0.06772334293948126,0.08487959430975717,0.5781370715148038,0.3680007086901081
C=1 | class_weight=balanced | decision_function_shape=ovr | tol=0.1 | gamma=0.5 | coef0=3,1.0,balanced,ovr,0.1,0.5,3,5,0.06871696299855838,0.2401535116175891,0.06871696299855838,0.08089112618485866,0.5870892328007489,0.394127526829767
C=1 | class_weight=balanced | decision_function_shape=ovr | tol=10 | gamma=0.01 | coef0=0,1.0,balanced,ovr,10.0,0.01,0,1,0.44668587896253603,0.19952827446453336,0.44668587896253603,0.2758418774469844,0.5,0.30576018219383744
C=1 | class_weight=balanced | decision_function_shape=ovr | tol=10 | gamma=0.01 | coef0=0,1.0,balanced,ovr,10.0,0.01,0,2,0.44668587896253603,0.19952827446453336,0.44668587896253603,0.2758418774469844,0.5,0.3059502750348119
C=1 | class_weight=balanced | decision_function_shape=ovr | tol=10 | gamma=0.01 | coef0=0,1.0,balanced,ovr,10.0,0.01,0,3,0.4462055715658021,0.19909941209636414,0.4462055715658021,0.27534040251386926,0.5,0.30541413940080153
C=1 | class_weight=balanced | decision_function_shape=ovr | tol=10 | gamma=0.01 | coef0=0,1.0,balanced,ovr,10.0,0.01,0,4,0.44668587896253603,0.19952827446453336,0.44668587896253603,0.2758418774469844,0.5,0.30563191566521886
C=1 | class_weight=balanced | decision_function_shape=ovr | tol=10 | gamma=0.01 | coef0=0,1.0,balanced,ovr,10.0,0.01,0,5,0.44690052859202306,0.19972008245582962,0.44690052859202306,0.2760660854138701,0.5,0.30584005166997996
C=1 | class_weight=balanced | decision_function_shape=ovr | tol=10 | gamma=0.01 | coef0=3,1.0,balanced,ovr,10.0,0.01,3,1,0.44668587896253603,0.19952827446453336,0.44668587896253603,0.2758418774469844,0.5,0.30576018219383744
C=1 | class_weight=balanced | decision_function_shape=ovr | tol=10 | gamma=0.01 | coef0=3,1.0,balanced,ovr,10.0,0.01,3,2,0.44668587896253603,0.19952827446453336,0.44668587896253603,0.2758418774469844,0.5,0.3059502750348119
C=1 | class_weight=balanced | decision_function_shape=ovr | tol=10 | gamma=0.01 | coef0=3,1.0,balanced,ovr,10.0,0.01,3,3,0.4462055715658021,0.19909941209636414,0.4462055715658021,0.27534040251386926,0.5,0.30541413940080153
C=1 | class_weight=balanced | decision_function_shape=ovr | tol=10 | gamma=0.01 | coef0=3,1.0,balanced,ovr,10.0,0.01,3,4,0.44668587896253603,0.19952827446453336,0.44668587896253603,0.2758418774469844,0.5,0.30563191566521886
C=1 | class_weight=balanced | decision_function_shape=ovr | tol=10 | gamma=0.01 | coef0=3,1.0,balanced,ovr,10.0,0.01,3,5,0.44690052859202306,0.19972008245582962,0.44690052859202306,0.2760660854138701,0.5,0.30584005166997996
C=1 | class_weight=balanced | decision_function_shape=ovr | tol=10 | gamma=0.5 | coef0=0,1.0,balanced,ovr,10.0,0.5,0,1,0.44668587896253603,0.19952827446453336,0.44668587896253603,0.2758418774469844,0.5,0.30576018219383744
C=1 | class_weight=balanced | decision_function_shape=ovr | tol=10 | gamma=0.5 | coef0=0,1.0,balanced,ovr,10.0,0.5,0,2,0.44668587896253603,0.19952827446453336,0.44668587896253603,0.2758418774469844,0.5,0.3059502750348119
C=1 | class_weight=balanced | decision_function_shape=ovr | tol=10 | gamma=0.5 | coef0=0,1.0,balanced,ovr,10.0,0.5,0,3,0.4462055715658021,0.19909941209636414,0.4462055715658021,0.27534040251386926,0.5,0.30541413940080153
C=1 | class_weight=balanced | decision_function_shape=ovr | tol=10 | gamma=0.5 | coef0=0,1.0,balanced,ovr,10.0,0.5,0,4,0.44668587896253603,0.19952827446453336,0.44668587896253603,0.2758418774469844,0.5,0.30563191566521886
C=1 | class_weight=balanced | decision_function_shape=ovr | tol=10 | gamma=0.5 | coef0=0,1.0,balanced,ovr,10.0,0.5,0,5,0.44690052859202306,0.19972008245582962,0.44690052859202306,0.2760660854138701,0.5,0.30584005166997996
C=1 | class_weight=balanced | decision_function_shape=ovr | tol=10 | gamma=0.5 | coef0=3,1.0,balanced,ovr,10.0,0.5,3,1,0.44668587896253603,0.19952827446453336,0.44668587896253603,0.2758418774469844,0.5,0.30576018219383744
C=1 | class_weight=balanced | decision_function_shape=ovr | tol=10 | gamma=0.5 | coef0=3,1.0,balanced,ovr,10.0,0.5,3,2,0.44668587896253603,0.19952827446453336,0.44668587896253603,0.2758418774469844,0.5,0.3059502750348119
C=1 | class_weight=balanced | decision_function_shape=ovr | tol=10 | gamma=0.5 | coef0=3,1.0,balanced,ovr,10.0,0.5,3,3,0.4462055715658021,0.19909941209636414,0.4462055715658021,0.27534040251386926,0.5,0.30541413940080153
C=1 | class_weight=balanced | decision_function_shape=ovr | tol=10 | gamma=0.5 | coef0=3,1.0,balanced,ovr,10.0,0.5,3,4,0.44668587896253603,0.19952827446453336,0.44668587896253603,0.2758418774469844,0.5,0.30563191566521886
C=1 | class_weight=balanced | decision_function_shape=ovr | tol=10 | gamma=0.5 | coef0=3,1.0,balanced,ovr,10.0,0.5,3,5,0.44690052859202306,0.19972008245582962,0.44690052859202306,0.2760660854138701,0.5,0.30584005166997996
C=1 | class_weight=None | decision_function_shape=ovr | tol=0.1 | gamma=0.01 | coef0=0,1.0,,ovr,0.1,0.01,0,1,0.4260326609029779,0.29086551121359727,0.4260326609029779,0.3361351373399624,0.6910274195521586,0.44889732369987734
C=1 | class_weight=None | decision_function_shape=ovr | tol=0.1 | gamma=0.01 | coef0=0,1.0,,ovr,0.1,0.01,0,2,0.4217098943323727,0.29594082623701945,0.4217098943323727,0.33662684263929205,0.6568367185285687,0.42192001196610734
C=1 | class_weight=None | decision_function_shape=ovr | tol=0.1 | gamma=0.01 | coef0=0,1.0,,ovr,0.1,0.01,0,3,0.4332372718539865,0.3059317635096846,0.4332372718539865,0.3497964009581745,0.6131895369654674,0.39538453813164837
C=1 | class_weight=None | decision_function_shape=ovr | tol=0.1 | gamma=0.01 | coef0=0,1.0,,ovr,0.1,0.01,0,4,0.4399615754082613,0.30212680246164886,0.4399615754082613,0.3509952257059403,0.6518291159953694,0.4102216677359359
C=1 | class_weight=None | decision_function_shape=ovr | tol=0.1 | gamma=0.01 | coef0=0,1.0,,ovr,0.1,0.01,0,5,0.42623738587217685,0.30049563402305834,0.42623738587217685,0.3417559082440367,0.6822857928956706,0.45065019047214955
C=1 | class_weight=None | decision_function_shape=ovr | tol=0.1 | gamma=0.01 | coef0=3,1.0,,ovr,0.1,0.01,3,1,0.44668587896253603,0.19952827446453336,0.44668587896253603,0.2758418774469844,0.5706368243905385,0.3355799562590485
C=1 | class_weight=None | decision_function_shape=ovr | tol=0.1 | gamma=0.01 | coef0=3,1.0,,ovr,0.1,0.01,3,2,0.44668587896253603,0.19952827446453336,0.44668587896253603,0.2758418774469844,0.5828007241384915,0.33943760542432877
C=1 | class_weight=None | decision_function_shape=ovr | tol=0.1 | gamma=0.01 | coef0=3,1.0,,ovr,0.1,0.01,3,3,0.4462055715658021,0.19909941209636414,0.4462055715658021,0.27534040251386926,0.5730931130027651,0.3353346885996243
C=1 | class_weight=None | decision_function_shape=ovr | tol=0.1 | gamma=0.01 | coef0=3,1.0,,ovr,0.1,0.01,3,4,0.44668587896253603,0.19952827446453336,0.44668587896253603,0.2758418774469844,0.5937187010806734,0.3521501691798116
C=1 | class_weight=None | decision_function_shape=ovr | tol=0.1 | gamma=0.01 | coef0=3,1.0,,ovr,0.1,0.01,3,5,0.44690052859202306,0.19972008245582962,0.44690052859202306,0.2760660854138701,0.5631027845302959,0.32551618632373513
C=1 | class_weight=None | decision_function_shape=ovr | tol=0.1 | gamma=0.5 | coef0=0,1.0,,ovr,0.1,0.5,0,1,0.22382324687800192,0.20244021308502577,0.22382324687800192,0.20494430987036086,0.6611401114284728,0.45172911887157724
C=1 | class_weight=None | decision_function_shape=ovr | tol=0.1 | gamma=0.5 | coef0=0,1.0,,ovr,0.1,0.5,0,2,0.22382324687800192,0.21080476056206873,0.22382324687800192,0.20839269056784493,0.638771434146005,0.4300880783846618
C=1 | class_weight=None | decision_function_shape=ovr | tol=0.1 | gamma=0.5 | coef0=0,1.0,,ovr,0.1,0.5,0,3,0.21037463976945245,0.20460846823729079,0.21037463976945245,0.20206316927682638,0.6558055710548684,0.44581370903809286
C=1 | class_weight=None | decision_function_shape=ovr | tol=0.1 | gamma=0.5 | coef0=0,1.0,,ovr,0.1,0.5,0,4,0.22382324687800192,0.20912405930107061,0.22382324687800192,0.20881560799447654,0.648760476141788,0.4419129601458311
C=1 | class_weight=None | decision_function_shape=ovr | tol=0.1 | gamma=0.5 | coef0=0,1.0,,ovr,0.1,0.5,0,5,0.22537241710716002,0.2095079347598945,0.22537241710716002,0.20961410900583144,0.6472926099695128,0.43815184617016995
C=1 | class_weight=None | decision_function_shape=ovr | tol=0.1 | gamma=0.5 | coef0=3,1.0,,ovr,0.1,0.5,3,1,0.2526416906820365,0.2561628352967641,0.2526416906820365,0.25208441262700165,0.5863458526770261,0.36103588503708933
C=1 | class_weight=None | decision_function_shape=ovr | tol=0.1 | gamma=0.5 | coef0=3,1.0,,ovr,0.1,0.5,3,2,0.2804995196926033,0.28866641498738055,0.2804995196926033,0.2817081235161933,0.589371425389377,0.37000256717828744
C=1 | class_weight=None | decision_function_shape=ovr | tol=0.1 | gamma=0.5 | coef0=3,1.0,,ovr,0.1,0.5,3,3,0.23631123919308358,0.2420121582877969,0.23631123919308358,0.2381452456184567,0.5929176729444271,0.4127070723967635
C=1 | class_weight=None | decision_function_shape=ovr | tol=0.1 | gamma=0.5 | coef0=3,1.0,,ovr,0.1,0.5,3,4,0.271373679154659,0.27489091642391783,0.271373679154659,0.27004674157151726,0.6058759013404609,0.3885778411720578
C=1 | class_weight=None | decision_function_shape=ovr | tol=0.1 | gamma=0.5 | coef0=3,1.0,,ovr,0.1,0.5,3,5,0.32628543969245555,0.2887489549886349,0.32628543969245555,0.2973992083181678,0.6101331040747204,0.3664259024682185
C=1 | class_weight=None | decision_function_shape=ovr | tol=10 | gamma=0.01 | coef0=0,1.0,,ovr,10.0,0.01,0,1,0.44668587896253603,0.19952827446453336,0.44668587896253603,0.2758418774469844,0.5,0.30576018219383744
C=1 | class_weight=None | decision_function_shape=ovr | tol=10 | gamma=0.01 | coef0=0,1.0,,ovr,10.0,0.01,0,2,0.44668587896253603,0.19952827446453336,0.44668587896253603,0.2758418774469844,0.5,0.3059502750348119
C=1 | class_weight=None | decision_function_shape=ovr | tol=10 | gamma=0.01 | coef0=0,1.0,,ovr,10.0,0.01,0,3,0.4462055715658021,0.19909941209636414,0.4462055715658021,0.27534040251386926,0.5,0.30541413940080153
C=1 | class_weight=None | decision_function_shape=ovr | tol=10 | gamma=0.01 | coef0=0,1.0,,ovr,10.0,0.01,0,4,0.44668587896253603,0.19952827446453336,0.44668587896253603,0.2758418774469844,0.5,0.30563191566521886
C=1 | class_weight=None | decision_function_shape=ovr | tol=10 | gamma=0.01 | coef0=0,1.0,,ovr,10.0,0.01,0,5,0.44690052859202306,0.19972008245582962,0.44690052859202306,0.2760660854138701,0.5,0.30584005166997996
C=1 | class_weight=None | decision_function_shape=ovr | tol=10 | gamma=0.01 | coef0=3,1.0,,ovr,10.0,0.01,3,1,0.44668587896253603,0.19952827446453336,0.44668587896253603,0.2758418774469844,0.5,0.30576018219383744
C=1 | class_weight=None | decision_function_shape=ovr | tol=10 | gamma=0.01 | coef0=3,1.0,,ovr,10.0,0.01,3,2,0.44668587896253603,0.19952827446453336,0.44668587896253603,0.2758418774469844,0.5,0.3059502750348119
C=1 | class_weight=None | decision_function_shape=ovr | tol=10 | gamma=0.01 | coef0=3,1.0,,ovr,10.0,0.01,3,3,0.4462055715658021,0.19909941209636414,0.4462055715658021,0.27534040251386926,0.5,0.30541413940080153
C=1 | class_weight=None | decision_function_shape=ovr | tol=10 | gamma=0.01 | coef0=3,1.0,,ovr,10.0,0.01,3,4,0.44668587896253603,0.19952827446453336,0.44668587896253603,0.2758418774469844,0.5,0.30563191566521886
C=1 | class_weight=None | decision_function_shape=ovr | tol=10 | gamma=0.01 | coef0=3,1.0,,ovr,10.0,0.01,3,5,0.44690052859202306,0.19972008245582962,0.44690052859202306,0.2760660854138701,0.5,0.30584005166997996
C=1 | class_weight=None | decision_function_shape=ovr | tol=10 | gamma=0.5 | coef0=0,1.0,,ovr,10.0,0.5,0,1,0.44668587896253603,0.19952827446453336,0.44668587896253603,0.2758418774469844,0.5,0.30576018219383744
C=1 | class_weight=None | decision_function_shape=ovr | tol=10 | gamma=0.5 | coef0=0,1.0,,ovr,10.0,0.5,0,2,0.44668587896253603,0.19952827446453336,0.44668587896253603,0.2758418774469844,0.5,0.3059502750348119
C=1 | class_weight=None | decision_function_shape=ovr | tol=10 | gamma=0.5 | coef0=0,1.0,,ovr,10.0,0.5,0,3,0.4462055715658021,0.19909941209636414,0.4462055715658021,0.27534040251386926,0.5,0.30541413940080153
C=1 | class_weight=None | decision_function_shape=ovr | tol=10 | gamma=0.5 | coef0=0,1.0,,ovr,10.0,0.5,0,4,0.44668587896253603,0.19952827446453336,0.44668587896253603,0.2758418774469844,0.5,0.30563191566521886
C=1 | class_weight=None | decision_function_shape=ovr | tol=10 | gamma=0.5 | coef0=0,1.0,,ovr,10.0,0.5,0,5,0.44690052859202306,0.19972008245582962,0.44690052859202306,0.2760660854138701,0.5,0.30584005166997996
C=1 | class_weight=None | decision_function_shape=ovr | tol=10 | gamma=0.5 | coef0=3,1.0,,ovr,10.0,0.5,3,1,0.44668587896253603,0.19952827446453336,0.44668587896253603,0.2758418774469844,0.5,0.30576018219383744
C=1 | class_weight=None | decision_function_shape=ovr | tol=10 | gamma=0.5 | coef0=3,1.0,,ovr,10.0,0.5,3,2,0.44668587896253603,0.19952827446453336,0.44668587896253603,0.2758418774469844,0.5,0.3059502750348119
C=1 | class_weight=None | decision_function_shape=ovr | tol=10 | gamma=0.5 | coef0=3,1.0,,ovr,10.0,0.5,3,3,0.4462055715658021,0.19909941209636414,0.4462055715658021,0.27534040251386926,0.5,0.30541413940080153
C=1 | class_weight=None | decision_function_shape=ovr | tol=10 | gamma=0.5 | coef0=3,1.0,,ovr,10.0,0.5,3,4,0.44668587896253603,0.19952827446453336,0.44668587896253603,0.2758418774469844,0.5,0.30563191566521886
C=1 | class_weight=None | decision_function_shape=ovr | tol=10 | gamma=0.5 | coef0=3,1.0,,ovr,10.0,0.5,3,5,0.44690052859202306,0.19972008245582962,0.44690052859202306,0.2760660854138701,0.5,0.30584005166997996
C=10 | class_weight=balanced | decision_function_shape=ovr | tol=0.1 | gamma=0.01 | coef0=0,10.0,balanced,ovr,0.1,0.01,0,1,0.2579250720461095,0.4362798749601032,0.2579250720461095,0.267030865385833,0.5765153196197136,0.34466118773034354
C=10 | class_weight=balanced | decision_function_shape=ovr | tol=0.1 | gamma=0.01 | coef0=0,10.0,balanced,ovr,0.1,0.01,0,2,0.25456292026897215,0.42271569381031276,0.25456292026897215,0.2639533856560967,0.5944023775883299,0.360576440704052
C=10 | class_weight=balanced | decision_function_shape=ovr | tol=0.1 | gamma=0.01 | coef0=0,10.0,balanced,ovr,0.1,0.01,0,3,0.25504322766570603,0.44573848843255764,0.25504322766570603,0.27077868281042244,0.5763888573486695,0.3506623832248362
C=10 | class_weight=balanced | decision_function_shape=ovr | tol=0.1 | gamma=0.01 | coef0=0,10.0,balanced,ovr,0.1,0.01,0,4,0.24447646493756003,0.3730304628642913,0.24447646493756003,0.24872280594429427,0.591502417945859,0.35753283291429444
C=10 | class_weight=balanced | decision_function_shape=ovr | tol=0.1 | gamma=0.01 | coef0=0,10.0,balanced,ovr,0.1,0.01,0,5,0.24603555982700626,0.40172003718070737,0.24603555982700626,0.2565707743717364,0.5771323097374389,0.3425997448031719
C=10 | class_weight=balanced | decision_function_shape=ovr | tol=0.1 | gamma=0.01 | coef0=3,10.0,balanced,ovr,0.1,0.01,3,1,0.24639769452449567,0.399251463015837,0.24639769452449567,0.21084203316616074,0.6238431996012079,0.393226587464511
C=10 | class_weight=balanced | decision_function_shape=ovr | tol=0.1 | gamma=0.01 | coef0=3,10.0,balanced,ovr,0.1,0.01,3,2,0.23487031700288186,0.3044335369446365,0.23487031700288186,0.18596859438010988,0.6358367647506622,0.3996718397456903
C=10 | class_weight=balanced | decision_function_shape=ovr | tol=0.1 | gamma=0.01 | coef0=3,10.0,balanced,ovr,0.1,0.01,3,3,0.2540826128722382,0.3094570528602978,0.2540826128722382,0.21850680154168628,0.6217887332360497,0.39555290171609414
C=10 | class_weight=balanced | decision_function_shape=ovr | tol=0.1 | gamma=0.01 | coef0=3,10.0,balanced,ovr,0.1,0.01,3,4,0.27425552353506244,0.3996668855993105,0.27425552353506244,0.25495009159401427,0.6333233679386394,0.39949360018602065
C=10 | class_weight=balanced | decision_function_shape=ovr | tol=0.1 | gamma=0.01 | coef0=3,10.0,balanced,ovr,0.1,0.01,3,5,0.24843825084094184,0.3645995609092861,0.24843825084094184,0.22275333497681915,0.6176193725009269,0.3805518264733203
C=10 | class_weight=balanced | decision_function_shape=ovr | tol=0.1 | gamma=0.5 | coef0=0,10.0,balanced,ovr,0.1,0.5,0,1,0.12776176753121998,0.22809113197196954,0.12776176753121998,0.13619799815661707,0.6418131638147575,0.4419437595194024
C=10 | class_weight=balanced | decision_function_shape=ovr | tol=0.1 | gamma=0.5 | coef0=0,10.0,balanced,ovr,0.1,0.5,0,2,0.11959654178674352,0.23261255801896816,0.11959654178674352,0.1326438716255702,0.6409501201843714,0.4388093578505249
C=10 | class_weight=balanced | decision_function_shape=ovr | tol=0.1 | gamma=0.5 | coef0=0,10.0,balanced,ovr,0.1,0.5,0,3,0.11719500480307397,0.22377696494144422,0.11719500480307397,0.12572453111847784,0.6451680452616134,0.44876769298127955
C=10 | class_weight=balanced | decision_function_shape=ovr | tol=0.1 | gamma=0.5 | coef0=0,10.0,balanced,ovr,0.1,0.5,0,4,0.14265129682997119,0.25012895691567144,0.14265129682997119,0.15496349689998573,0.647597509882925,0.45315713598961416
C=10 | class_weight=balanced | decision_function_shape=ovr | tol=0.1 | gamma=0.5 | coef0=0,10.0,balanced,ovr,0.1,0.5,0,5,0.14079769341662662,0.2782515243088677,0.14079769341662662,0.16179079818943218,0.640819475041506,0.4365445750829767
C=10 | class_weight=balanced | decision_function_shape=ovr | tol=0.1 | gamma=0.5 | coef0=3,10.0,balanced,ovr,0.1,0.5,3,1,0.0686839577329491,0.23678484448022952,0.0686839577329491,0.08302518408084025,0.5901844915253865,0.39157616431794495
C=10 | class_weight=balanced | decision_function_shape=ovr | tol=0.1 | gamma=0.5 | coef0=3,10.0,balanced,ovr,0.1,0.5,3,2,0.06484149855907781,0.24124677709779122,0.06484149855907781,0.07321804407078734,0.5709644313654277,0.3934887383364004
C=10 | class_weight=balanced | decision_function_shape=ovr | tol=0.1 | gamma=0.5 | coef0=3,10.0,balanced,ovr,0.1,0.5,3,3,0.06388088376560999,0.27722270097811863,0.06388088376560999,0.07180012192957058,0.5805716309594934,0.40182142689575934
C=10 | class_weight=balanced | decision_function_shape=ovr | tol=0.1 | gamma=0.5 | coef0=3,10.0,balanced,ovr,0.1,0.5,3,4,0.06772334293948126,0.2470018039897931,0.06772334293948126,0.08484451078109681,0.5880857973035608,0.3795415719761022
C=10 | class_weight=balanced | decision_function_shape=ovr | tol=0.1 | gamma=0.5 | coef0=3,10.0,balanced,ovr,0.1,0.5,3,5,0.06871696299855838,0.23904311406494155,0.06871696299855838,0.08084760584903888,0.5960229031718225,0.4033592548430837
C=10 | class_weight=balanced | decision_function_shape=ovr | tol=10 | gamma=0.01 | coef0=0,10.0,balanced,ovr,10.0,0.01,0,1,0.44668587896253603,0.19952827446453336,0.44668587896253603,0.2758418774469844,0.5,0.30576018219383744
C=10 | class_weight=balanced | decision_function_shape=ovr | tol=10 | gamma=0.01 | coef0=0,10.0,balanced,ovr,10.0,0.01,0,2,0.44668587896253603,0.19952827446453336,0.44668587896253603,0.2758418774469844,0.5,0.3059502750348119
C=10 | class_weight=balanced | decision_function_shape=ovr | tol=10 | gamma=0.01 | coef0=0,10.0,balanced,ovr,10.0,0.01,0,3,0.4462055715658021,0.19909941209636414,0.4462055715658021,0.27534040251386926,0.5,0.30541413940080153
C=10 | class_weight=balanced | decision_function_shape=ovr | tol=10 | gamma=0.01 | coef0=0,10.0,balanced,ovr,10.0,0.01,0,4,0.44668587896253603,0.19952827446453336,0.44668587896253603,0.2758418774469844,0.5,0.30563191566521886
C=10 | class_weight=balanced | decision_function_shape=ovr | tol=10 | gamma=0.01 | coef0=0,10.0,balanced,ovr,10.0,0.01,0,5,0.44690052859202306,0.19972008245582962,0.44690052859202306,0.2760660854138701,0.5,0.30584005166997996
C=10 | class_weight=balanced | decision_function_shape=ovr | tol=10 | gamma=0.01 | coef0=3,10.0,balanced,ovr,10.0,0.01,3,1,0.44668587896253603,0.19952827446453336,0.44668587896253603,0.2758418774469844,0.5,0.30576018219383744
C=10 | class_weight=balanced | decision_function_shape=ovr | tol=10 | gamma=0.01 | coef0=3,10.0,balanced,ovr,10.0,0.01,3,2,0.44668587896253603,0.19952827446453336,0.44668587896253603,0.2758418774469844,0.5,0.3059502750348119
C=10 | class_weight=balanced | decision_function_shape=ovr | tol=10 | gamma=0.01 | coef0=3,10.0,balanced,ovr,10.0,0.01,3,3,0.4462055715658021,0.19909941209636414,0.4462055715658021,0.27534040251386926,0.5,0.30541413940080153
C=10 | class_weight=balanced | decision_function_shape=ovr | tol=10 | gamma=0.01 | coef0=3,10.0,balanced,ovr,10.0,0.01,3,4,0.44668587896253603,0.19952827446453336,0.44668587896253603,0.2758418774469844,0.5,0.30563191566521886
C=10 | class_weight=balanced | decision_function_shape=ovr | tol=10 | gamma=0.01 | coef0=3,10.0,balanced,ovr,10.0,0.01,3,5,0.44690052859202306,0.19972008245582962,0.44690052859202306,0.2760660854138701,0.5,0.30584005166997996
C=10 | class_weight=balanced | decision_function_shape=ovr | tol=10 | gamma=0.5 | coef0=0,10.0,balanced,ovr,10.0,0.5,0,1,0.44668587896253603,0.19952827446453336,0.44668587896253603,0.2758418774469844,0.5,0.30576018219383744
C=10 | class_weight=balanced | decision_function_shape=ovr | tol=10 | gamma=0.5 | coef0=0,10.0,balanced,ovr,10.0,0.5,0,2,0.44668587896253603,0.19952827446453336,0.44668587896253603,0.2758418774469844,0.5,0.3059502750348119
C=10 | class_weight=balanced | decision_function_shape=ovr | tol=10 | gamma=0.5 | coef0=0,10.0,balanced,ovr,10.0,0.5,0,3,0.4462055715658021,0.19909941209636414,0.4462055715658021,0.27534040251386926,0.5,0.30541413940080153
C=10 | class_weight=balanced | decision_function_shape=ovr | tol=10 | gamma=0.5 | coef0=0,10.0,balanced,ovr,10.0,0.5,0,4,0.44668587896253603,0.19952827446453336,0.44668587896253603,0.2758418774469844,0.5,0.30563191566521886
C=10 | class_weight=balanced | decision_function_shape=ovr | tol=10 | gamma=0.5 | coef0=0,10.0,balanced,ovr,10.0,0.5,0,5,0.44690052859202306,0.19972008245582962,0.44690052859202306,0.2760660854138701,0.5,0.30584005166997996
C=10 | class_weight=balanced | decision_function_shape=ovr | tol=10 | gamma=0.5 | coef0=3,10.0,balanced,ovr,10.0,0.5,3,1,0.44668587896253603,0.19952827446453336,0.44668587896253603,0.2758418774469844,0.5,0.30576018219383744
C=10 | class_weight=balanced | decision_function_shape=ovr | tol=10 | gamma=0.5 | coef0=3,10.0,balanced,ovr,10.0,0.5,3,2,0.44668587896253603,0.19952827446453336,0.44668587896253603,0.2758418774469844,0.5,0.3059502750348119
C=10 | class_weight=balanced | decision_function_shape=ovr | tol=10 | gamma=0.5 | coef0=3,10.0,balanced,ovr,10.0,0.5,3,3,0.4462055715658021,0.19909941209636414,0.4462055715658021,0.27534040251386926,0.5,0.30541413940080153
C=10 | class_weight=balanced | decision_function_shape=ovr | tol=10 | gamma=0.5 | coef0=3,10.0,balanced,ovr,10.0,0.5,3,4,0.44668587896253603,0.19952827446453336,0.44668587896253603,0.2758418774469844,0.5,0.30563191566521886
C=10 | class_weight=balanced | decision_function_shape=ovr | tol=10 | gamma=0.5 | coef0=3,10.0,balanced,ovr,10.0,0.5,3,5,0.44690052859202306,0.19972008245582962,0.44690052859202306,0.2760660854138701,0.5,0.30584005166997996
C=10 | class_weight=None | decision_function_shape=ovr | tol=0.1 | gamma=0.01 | coef0=0,10.0,,ovr,0.1,0.01,0,1,0.3309317963496638,0.28718829398121287,0.3309317963496638,0.29042893597153574,0.6550069894580839,0.444381758030517
C=10 | class_weight=None | decision_function_shape=ovr | tol=0.1 | gamma=0.01 | coef0=0,10.0,,ovr,0.1,0.01,0,2,0.34534101825168106,0.3038973815637436,0.34534101825168106,0.31069879690438446,0.647770171797908,0.4469492171626557
C=10 | class_weight=None | decision_function_shape=ovr | tol=0.1 | gamma=0.01 | coef0=0,10.0,,ovr,0.1,0.01,0,3,0.3323727185398655,0.3001646510259983,0.3323727185398655,0.30349076539808917,0.614690891596728,0.41523532223236864
C=10 | class_weight=None | decision_function_shape=ovr | tol=0.1 | gamma=0.01 | coef0=0,10.0,,ovr,0.1,0.01,0,4,0.34918347742555234,0.3047845524560087,0.34918347742555234,0.3070426247774377,0.6501341309606481,0.4295333036009787
C=10 | class_weight=None | decision_function_shape=ovr | tol=0.1 | gamma=0.01 | coef0=0,10.0,,ovr,0.1,0.01,0,5,0.33781835655934644,0.2946261819272717,0.33781835655934644,0.301875864053406,0.6569691545351258,0.44518920551114904
C=10 | class_weight=None | decision_function_shape=ovr | tol=0.1 | gamma=0.01 | coef0=3,10.0,,ovr,0.1,0.01,3,1,0.3611911623439001,0.1837116375191879,0.3611911623439001,0.24182421123366052,0.6944323404815914,0.4474114885180966
C=10 | class_weight=None | decision_function_shape=ovr | tol=0.1 | gamma=0.01 | coef0=3,10.0,,ovr,0.1,0.01,3,2,0.3573487031700288,0.19874336322428318,0.3573487031700288,0.2461846277457298,0.701952516244964,0.45017038321531627
C=10 | class_weight=None | decision_function_shape=ovr | tol=0.1 | gamma=0.01 | coef0=3,10.0,,ovr,0.1,0.01,3,3,0.35926993275696445,0.21979550241788484,0.35926993275696445,0.25559051345169215,0.6469427517383286,0.4069615229918338
C=10 | class_weight=None | decision_function_shape=ovr | tol=0.1 | gamma=0.01 | coef0=3,10.0,,ovr,0.1,0.01,3,4,0.3631123919308357,0.1963683530005999,0.3631123919308357,0.24724764389749984,0.6438133964812562,0.4039954360451805
C=10 | class_weight=None | decision_function_shape=ovr | tol=0.1 | gamma=0.01 | coef0=3,10.0,,ovr,0.1,0.01,3,5,0.36184526669870254,0.21485947233162733,0.36184526669870254,0.2564107946345276,0.6438702016374981,0.41285296891938994
C=10 | class_weight=None | decision_function_shape=ovr | tol=0.1 | gamma=0.5 | coef0=0,10.0,,ovr,0.1,0.5,0,1,0.2281460134486071,0.2107853042571159,0.2281460134486071,0.21147775642185362,0.6611329743492561,0.4515189731608606
C=10 | class_weight=None | decision_function_shape=ovr | tol=0.1 | gamma=0.5 | coef0=0,10.0,,ovr,0.1,0.5,0,2,0.23102785782901056,0.22425740999357646,0.23102785782901056,0.21912460517921445,0.6384323593866782,0.43008085018924025
C=10 | class_weight=None | decision_function_shape=ovr | tol=0.1 | gamma=0.5 | coef0=0,10.0,,ovr,0.1,0.5,0,3,0.21133525456292027,0.2104328040318913,0.21133525456292027,0.20606638280173414,0.6554218269718102,0.4456782047395751
C=10 | class_weight=None | decision_function_shape=ovr | tol=0.1 | gamma=0.5 | coef0=0,10.0,,ovr,0.1,0.5,0,4,0.2271853986551393,0.21644568784378457,0.2271853986551393,0.21436038577364436,0.6487307434406255,0.4419548100873889
C=10 | class_weight=None | decision_function_shape=ovr | tol=0.1 | gamma=0.5 | coef0=0,10.0,,ovr,0.1,0.5,0,5,0.2268140317155214,0.21329140011941544,0.2268140317155214,0.21259871110782733,0.6469459577699241,0.4380137186743842
C=10 | class_weight=None | decision_function_shape=ovr | tol=0.1 | gamma=0.5 | coef0=3,10.0,,ovr,0.1,0.5,3,1,0.2516810758885687,0.2553350491462501,0.2516810758885687,0.2512737707634545,0.5873462272595563,0.36451681900709443
C=10 | class_weight=None | decision_function_shape=ovr | tol=0.1 | gamma=0.5 | coef0=3,10.0,,ovr,0.1,0.5,3,2,0.28578290105667625,0.2926987054042236,0.28578290105667625,0.28718419949192153,0.5901348452323842,0.36959716702687034
C=10 | class_weight=None | decision_function_shape=ovr | tol=0.1 | gamma=0.5 | coef0=3,10.0,,ovr,0.1,0.5,3,3,0.2372718539865514,0.24287781497313538,0.2372718539865514,0.23908473295216362,0.5929406407238097,0.41265346830964006
C=10 | class_weight=None | decision_function_shape=ovr | tol=0.1 | gamma=0.5 | coef0=3,10.0,,ovr,0.1,0.5,3,4,0.27041306436119117,0.27421545773691847,0.27041306436119117,0.26935432851081037,0.6106956412092707,0.4015517355916329
C=10 | class_weight=None | decision_function_shape=ovr | tol=0.1 | gamma=0.5 | coef0=3,10.0,,ovr,0.1,0.5,3,5,0.3234022104757328,0.28812921058164936,0.3234022104757328,0.2959231852535094,0.6074965554966202,0.3650098219649955
C=10 | class_weight=None | decision_function_shape=ovr | tol=10 | gamma=0.01 | coef0=0,10.0,,ovr,10.0,0.01,0,1,0.44668587896253603,0.19952827446453336,0.44668587896253603,0.2758418774469844,0.5,0.30576018219383744
C=10 | class_weight=None | decision_function_shape=ovr | tol=10 | gamma=0.01 | coef0=0,10.0,,ovr,10.0,0.01,0,2,0.44668587896253603,0.19952827446453336,0.44668587896253603,0.2758418774469844,0.5,0.3059502750348119
C=10 | class_weight=None | decision_function_shape=ovr | tol=10 | gamma=0.01 | coef0=0,10.0,,ovr,10.0,0.01,0,3,0.4462055715658021,0.19909941209636414,0.4462055715658021,0.27534040251386926,0.5,0.30541413940080153
C=10 | class_weight=None | decision_function_shape=ovr | tol=10 | gamma=0.01 | coef0=0,10.0,,ovr,10.0,0.01,0,4,0.44668587896253603,0.19952827446453336,0.44668587896253603,0.2758418774469844,0.5,0.30563191566521886
C=10 | class_weight=None | decision_function_shape=ovr | tol=10 | gamma=0.01 | coef0=0,10.0,,ovr,10.0,0.01,0,5,0.44690052859202306,0.19972008245582962,0.44690052859202306,0.2760660854138701,0.5,0.30584005166997996
C=10 | class_weight=None | decision_function_shape=ovr | tol=10 | gamma=0.01 | coef0=3,10.0,,ovr,10.0,0.01,3,1,0.44668587896253603,0.19952827446453336,0.44668587896253603,0.2758418774469844,0.5,0.30576018219383744
C=10 | class_weight=None | decision_function_shape=ovr | tol=10 | gamma=0.01 | coef0=3,10.0,,ovr,10.0,0.01,3,2,0.44668587896253603,0.19952827446453336,0.44668587896253603,0.2758418774469844,0.5,0.3059502750348119
C=10 | class_weight=None | decision_function_shape=ovr | tol=10 | gamma=0.01 | coef0=3,10.0,,ovr,10.0,0.01,3,3,0.4462055715658021,0.19909941209636414,0.4462055715658021,0.27534040251386926,0.5,0.30541413940080153
C=10 | class_weight=None | decision_function_shape=ovr | tol=10 | gamma=0.01 | coef0=3,10.0,,ovr,10.0,0.01,3,4,0.44668587896253603,0.19952827446453336,0.44668587896253603,0.2758418774469844,0.5,0.30563191566521886
C=10 | class_weight=None | decision_function_shape=ovr | tol=10 | gamma=0.01 | coef0=3,10.0,,ovr,10.0,0.01,3,5,0.44690052859202306,0.19972008245582962,0.44690052859202306,0.2760660854138701,0.5,0.30584005166997996
C=10 | class_weight=None | decision_function_shape=ovr | tol=10 | gamma=0.5 | coef0=0,10.0,,ovr,10.0,0.5,0,1,0.44668587896253603,0.19952827446453336,0.44668587896253603,0.2758418774469844,0.5,0.30576018219383744
C=10 | class_weight=None | decision_function_shape=ovr | tol=10 | gamma=0.5 | coef0=0,10.0,,ovr,10.0,0.5,0,2,0.44668587896253603,0.19952827446453336,0.44668587896253603,0.2758418774469844,0.5,0.3059502750348119
C=10 | class_weight=None | decision_function_shape=ovr | tol=10 | gamma=0.5 | coef0=0,10.0,,ovr,10.0,0.5,0,3,0.4462055715658021,0.19909941209636414,0.4462055715658021,0.27534040251386926,0.5,0.30541413940080153
C=10 | class_weight=None | decision_function_shape=ovr | tol=10 | gamma=0.5 | coef0=0,10.0,,ovr,10.0,0.5,0,4,0.44668587896253603,0.19952827446453336,0.44668587896253603,0.2758418774469844,0.5,0.30563191566521886
C=10 | class_weight=None | decision_function_shape=ovr | tol=10 | gamma=0.5 | coef0=0,10.0,,ovr,10.0,0.5,0,5,0.44690052859202306,0.19972008245582962,0.44690052859202306,0.2760660854138701,0.5,0.30584005166997996
C=10 | class_weight=None | decision_function_shape=ovr | tol=10 | gamma=0.5 | coef0=3,10.0,,ovr,10.0,0.5,3,1,0.44668587896253603,0.19952827446453336,0.44668587896253603,0.2758418774469844,0.5,0.30576018219383744
C=10 | class_weight=None | decision_function_shape=ovr | tol=10 | gamma=0.5 | coef0=3,10.0,,ovr,10.0,0.5,3,2,0.44668587896253603,0.19952827446453336,0.44668587896253603,0.2758418774469844,0.5,0.3059502750348119
C=10 | class_weight=None | decision_function_shape=ovr | tol=10 | gamma=0.5 | coef0=3,10.0,,ovr,10.0,0.5,3,3,0.4462055715658021,0.19909941209636414,0.4462055715658021,0.27534040251386926,0.5,0.30541413940080153
C=10 | class_weight=None | decision_function_shape=ovr | tol=10 | gamma=0.5 | coef0=3,10.0,,ovr,10.0,0.5,3,4,0.44668587896253603,0.19952827446453336,0.44668587896253603,0.2758418774469844,0.5,0.30563191566521886
C=10 | class_weight=None | decision_function_shape=ovr | tol=10 | gamma=0.5 | coef0=3,10.0,,ovr,10.0,0.5,3,5,0.44690052859202306,0.19972008245582962,0.44690052859202306,0.2760660854138701,0.5,0.30584005166997996
