tag,n_estimators,learning_rate,max_depth,rate_drop,skip_drop,fold,accuracy,precision,recall,F1,auroc,prauc
n_estimators=100 | learning_rate=0.01 | max_depth=4 | rate_drop=0.1 | skip_drop=0.1,100,0.01,4,0.1,0.1,1,0.44668587896253603,0.19952827446453336,0.44668587896253603,0.2758418774469844,0.9286629322696016,0.8438220267707557
n_estimators=100 | learning_rate=0.01 | max_depth=4 | rate_drop=0.1 | skip_drop=0.1,100,0.01,4,0.1,0.1,2,0.44668587896253603,0.19952827446453336,0.44668587896253603,0.2758418774469844,0.9279164524308132,0.842237567642093
n_estimators=100 | learning_rate=0.01 | max_depth=4 | rate_drop=0.1 | skip_drop=0.1,100,0.01,4,0.1,0.1,3,0.4462055715658021,0.19909941209636414,0.4462055715658021,0.27534040251386926,0.92127034333627,0.8269330018458296
n_estimators=100 | learning_rate=0.01 | max_depth=4 | rate_drop=0.1 | skip_drop=0.1,100,0.01,4,0.1,0.1,4,0.44668587896253603,0.19952827446453336,0.44668587896253603,0.2758418774469844,0.9237604357183475,0.836498939656508
n_estimators=100 | learning_rate=0.01 | max_depth=4 | rate_drop=0.1 | skip_drop=0.1,100,0.01,4,0.1,0.1,5,0.44690052859202306,0.19972008245582962,0.44690052859202306,0.2760660854138701,0.9160745546011202,0.8215456853503871
n_estimators=100 | learning_rate=0.01 | max_depth=4 | rate_drop=0.1 | skip_drop=0.5,100,0.01,4,0.1,0.5,1,0.622478386167147,0.6919798649176941,0.622478386167147,0.5779738690852891,0.943729019303071,0.8715174877281496
n_estimators=100 | learning_rate=0.01 | max_depth=4 | rate_drop=0.1 | skip_drop=0.5,100,0.01,4,0.1,0.5,2,0.5893371757925072,0.7239779106752813,0.5893371757925072,0.5327620698156785,0.9401174429048286,0.8644371511848924
n_estimators=100 | learning_rate=0.01 | max_depth=4 | rate_drop=0.1 | skip_drop=0.5,100,0.01,4,0.1,0.5,3,0.5936599423631124,0.6868588947487274,0.5936599423631124,0.5360714013544547,0.9410888067382318,0.8692870741061474
n_estimators=100 | learning_rate=0.01 | max_depth=4 | rate_drop=0.1 | skip_drop=0.5,100,0.01,4,0.1,0.5,4,0.6364073006724303,0.7416601929003092,0.6364073006724303,0.5936439310043964,0.9419566141488726,0.8645815765387936
n_estimators=100 | learning_rate=0.01 | max_depth=4 | rate_drop=0.1 | skip_drop=0.5,100,0.01,4,0.1,0.5,5,0.6189332051898125,0.722971960807973,0.6189332051898125,0.5743357384586977,0.9345552829812603,0.8538851231221634
n_estimators=100 | learning_rate=0.01 | max_depth=4 | rate_drop=0.5 | skip_drop=0.1,100,0.01,4,0.5,0.1,1,0.44668587896253603,0.19952827446453336,0.44668587896253603,0.2758418774469844,0.9258945036910917,0.8360705729524474
n_estimators=100 | learning_rate=0.01 | max_depth=4 | rate_drop=0.5 | skip_drop=0.1,100,0.01,4,0.5,0.1,2,0.44668587896253603,0.19952827446453336,0.44668587896253603,0.2758418774469844,0.9195485587178015,0.8303409547617376
n_estimators=100 | learning_rate=0.01 | max_depth=4 | rate_drop=0.5 | skip_drop=0.1,100,0.01,4,0.5,0.1,3,0.4462055715658021,0.19909941209636414,0.4462055715658021,0.27534040251386926,0.9196334158837207,0.8242413678899959
n_estimators=100 | learning_rate=0.01 | max_depth=4 | rate_drop=0.5 | skip_drop=0.1,100,0.01,4,0.5,0.1,4,0.44668587896253603,0.19952827446453336,0.44668587896253603,0.2758418774469844,0.9208856627480025,0.8324995444609392
n_estimators=100 | learning_rate=0.01 | max_depth=4 | rate_drop=0.5 | skip_drop=0.1,100,0.01,4,0.5,0.1,5,0.44690052859202306,0.19972008245582962,0.44690052859202306,0.2760660854138701,0.9136800289602633,0.8164148613960673
n_estimators=100 | learning_rate=0.01 | max_depth=4 | rate_drop=0.5 | skip_drop=0.5,100,0.01,4,0.5,0.5,1,0.6051873198847262,0.7340565057452904,0.6051873198847262,0.5542847089188713,0.9442449339734196,0.8724604130853695
n_estimators=100 | learning_rate=0.01 | max_depth=4 | rate_drop=0.5 | skip_drop=0.5,100,0.01,4,0.5,0.5,2,0.5859750240153698,0.7240163678780394,0.5859750240153698,0.5271001026300468,0.9397706378596287,0.8637524315363821
n_estimators=100 | learning_rate=0.01 | max_depth=4 | rate_drop=0.5 | skip_drop=0.5,100,0.01,4,0.5,0.5,3,0.553314121037464,0.6280389549575295,0.553314121037464,0.46889304666158715,0.9408597232453538,0.8683524691891453
n_estimators=100 | learning_rate=0.01 | max_depth=4 | rate_drop=0.5 | skip_drop=0.5,100,0.01,4,0.5,0.5,4,0.6090297790585975,0.71203771399696,0.6090297790585975,0.554943585769524,0.9415124761167182,0.8633662652521465
n_estimators=100 | learning_rate=0.01 | max_depth=4 | rate_drop=0.5 | skip_drop=0.5,100,0.01,4,0.5,0.5,5,0.6064392119173474,0.7251918593558083,0.6064392119173474,0.5560759695528015,0.9341051304497013,0.8530723178142311
n_estimators=100 | learning_rate=0.01 | max_depth=10 | rate_drop=0.1 | skip_drop=0.1,100,0.01,10,0.1,0.1,1,0.44668587896253603,0.19952827446453336,0.44668587896253603,0.2758418774469844,0.9809842667558413,0.9565236093344328
n_estimators=100 | learning_rate=0.01 | max_depth=10 | rate_drop=0.1 | skip_drop=0.1,100,0.01,10,0.1,0.1,2,0.44668587896253603,0.19952827446453336,0.44668587896253603,0.2758418774469844,0.9815129778143575,0.9572646898301248
n_estimators=100 | learning_rate=0.01 | max_depth=10 | rate_drop=0.1 | skip_drop=0.1,100,0.01,10,0.1,0.1,3,0.4462055715658021,0.19909941209636414,0.4462055715658021,0.27534040251386926,0.9809899119773035,0.954824270832055
n_estimators=100 | learning_rate=0.01 | max_depth=10 | rate_drop=0.1 | skip_drop=0.1,100,0.01,10,0.1,0.1,4,0.44668587896253603,0.19952827446453336,0.44668587896253603,0.2758418774469844,0.9816645912153206,0.9585264655581454
n_estimators=100 | learning_rate=0.01 | max_depth=10 | rate_drop=0.1 | skip_drop=0.1,100,0.01,10,0.1,0.1,5,0.44690052859202306,0.19972008245582962,0.44690052859202306,0.2760660854138701,0.9761123932240848,0.9446851693238404
n_estimators=100 | learning_rate=0.01 | max_depth=10 | rate_drop=0.1 | skip_drop=0.5,100,0.01,10,0.1,0.5,1,0.8707973102785783,0.8763187108264779,0.8707973102785783,0.8685147265978195,0.9843321463657334,0.962748677568253
n_estimators=100 | learning_rate=0.01 | max_depth=10 | rate_drop=0.1 | skip_drop=0.5,100,0.01,10,0.1,0.5,2,0.8683957732949087,0.8732381129254191,0.8683957732949087,0.8655651813250462,0.9848521984872336,0.9636971790010942
n_estimators=100 | learning_rate=0.01 | max_depth=10 | rate_drop=0.1 | skip_drop=0.5,100,0.01,10,0.1,0.5,3,0.866954851104707,0.8742409960733604,0.866954851104707,0.8638694418190676,0.9834964816999553,0.9590794932518395
n_estimators=100 | learning_rate=0.01 | max_depth=10 | rate_drop=0.1 | skip_drop=0.5,100,0.01,10,0.1,0.5,4,0.8717579250720461,0.8782591713587591,0.8717579250720461,0.8688350957016233,0.9838204602545652,0.9628706870634773
n_estimators=100 | learning_rate=0.01 | max_depth=10 | rate_drop=0.1 | skip_drop=0.5,100,0.01,10,0.1,0.5,5,0.8592023065833734,0.864673871251861,0.8592023065833734,0.8559701768801702,0.980522953997382,0.9531560255215396
n_estimators=100 | learning_rate=0.01 | max_depth=10 | rate_drop=0.5 | skip_drop=0.1,100,0.01,10,0.5,0.1,1,0.44668587896253603,0.19952827446453336,0.44668587896253603,0.2758418774469844,0.9793807709245167,0.9525465763567126
n_estimators=100 | learning_rate=0.01 | max_depth=10 | rate_drop=0.5 | skip_drop=0.1,100,0.01,10,0.5,0.1,2,0.44668587896253603,0.19952827446453336,0.44668587896253603,0.2758418774469844,0.9807484759010747,0.9554072767438603
n_estimators=100 | learning_rate=0.01 | max_depth=10 | rate_drop=0.5 | skip_drop=0.1,100,0.01,10,0.5,0.1,3,0.4462055715658021,0.19909941209636414,0.4462055715658021,0.27534040251386926,0.979939797952067,0.9526654725885658
n_estimators=100 | learning_rate=0.01 | max_depth=10 | rate_drop=0.5 | skip_drop=0.1,100,0.01,10,0.5,0.1,4,0.44668587896253603,0.19952827446453336,0.44668587896253603,0.2758418774469844,0.9803151833352082,0.9559747241409343
n_estimators=100 | learning_rate=0.01 | max_depth=10 | rate_drop=0.5 | skip_drop=0.1,100,0.01,10,0.5,0.1,5,0.44690052859202306,0.19972008245582962,0.44690052859202306,0.2760660854138701,0.9751616827073294,0.9430277099669215
n_estimators=100 | learning_rate=0.01 | max_depth=10 | rate_drop=0.5 | skip_drop=0.5,100,0.01,10,0.5,0.5,1,0.8611911623439001,0.8690256942099149,0.8611911623439001,0.8581351629597146,0.9840554352405598,0.9613010116956455
n_estimators=100 | learning_rate=0.01 | max_depth=10 | rate_drop=0.5 | skip_drop=0.5,100,0.01,10,0.5,0.5,2,0.8635926993275697,0.870249524462841,0.8635926993275697,0.8603434180488106,0.9847199713043416,0.9634650091853966
n_estimators=100 | learning_rate=0.01 | max_depth=10 | rate_drop=0.5 | skip_drop=0.5,100,0.01,10,0.5,0.5,3,0.8626320845341018,0.8725188021292283,0.8626320845341018,0.8587712034815855,0.9833691669035299,0.9589087668363557
n_estimators=100 | learning_rate=0.01 | max_depth=10 | rate_drop=0.5 | skip_drop=0.5,100,0.01,10,0.5,0.5,4,0.8621517771373679,0.8710899798307519,0.8621517771373679,0.8580628543576703,0.9836546118451469,0.9625225051630522
n_estimators=100 | learning_rate=0.01 | max_depth=10 | rate_drop=0.5 | skip_drop=0.5,100,0.01,10,0.5,0.5,5,0.8481499279192696,0.8573185443422318,0.8481499279192696,0.8437377723296741,0.980316886808057,0.9527237280613388
n_estimators=100 | learning_rate=0.1 | max_depth=4 | rate_drop=0.1 | skip_drop=0.1,100,0.1,4,0.1,0.1,1,0.8016330451488953,0.8042201915094392,0.8016330451488953,0.7959731748411041,0.9579502254062651,0.8971348389612815
n_estimators=100 | learning_rate=0.1 | max_depth=4 | rate_drop=0.1 | skip_drop=0.1,100,0.1,4,0.1,0.1,2,0.8126801152737753,0.8173838574898754,0.8126801152737753,0.8081406644840304,0.9561186483862213,0.8966839447523396
n_estimators=100 | learning_rate=0.1 | max_depth=4 | rate_drop=0.1 | skip_drop=0.1,100,0.1,4,0.1,0.1,3,0.8174831892411143,0.8230613370989753,0.8174831892411143,0.8122418724946098,0.9564374609444523,0.900666313868415
n_estimators=100 | learning_rate=0.1 | max_depth=4 | rate_drop=0.1 | skip_drop=0.1,100,0.1,4,0.1,0.1,4,0.8121998078770413,0.8151121168338604,0.8121998078770413,0.8081389510665654,0.9575412293885857,0.900847751694063
n_estimators=100 | learning_rate=0.1 | max_depth=4 | rate_drop=0.1 | skip_drop=0.1,100,0.1,4,0.1,0.1,5,0.798654493032196,0.8013417981530957,0.798654493032196,0.7948720556548611,0.9477648100131065,0.8795708368726898
n_estimators=100 | learning_rate=0.1 | max_depth=4 | rate_drop=0.1 | skip_drop=0.5,100,0.1,4,0.1,0.5,1,0.8544668587896254,0.854775913908648,0.8544668587896254,0.8542426780137876,0.9761312149367143,0.9405280248854249
n_estimators=100 | learning_rate=0.1 | max_depth=4 | rate_drop=0.1 | skip_drop=0.5,100,0.1,4,0.1,0.5,2,0.8631123919308358,0.8635556881480031,0.8631123919308358,0.8626017775102987,0.9771227969892395,0.9440350981037352
n_estimators=100 | learning_rate=0.1 | max_depth=4 | rate_drop=0.1 | skip_drop=0.5,100,0.1,4,0.1,0.5,3,0.866954851104707,0.8666302840169882,0.866954851104707,0.8666494081575137,0.9764634750704966,0.9426572526821088
n_estimators=100 | learning_rate=0.1 | max_depth=4 | rate_drop=0.1 | skip_drop=0.5,100,0.1,4,0.1,0.5,4,0.8679154658981748,0.8682843632717312,0.8679154658981748,0.8679245885449287,0.9776834456902319,0.945428717293092
n_estimators=100 | learning_rate=0.1 | max_depth=4 | rate_drop=0.1 | skip_drop=0.5,100,0.1,4,0.1,0.5,5,0.8433445458913984,0.8455748452708511,0.8433445458913984,0.8437399406780883,0.969017343994178,0.9255064425015636
n_estimators=100 | learning_rate=0.1 | max_depth=4 | rate_drop=0.5 | skip_drop=0.1,100,0.1,4,0.5,0.1,1,0.7353506243996157,0.758196009496842,0.7353506243996157,0.721795156182656,0.9484409386439049,0.8794606609627665
n_estimators=100 | learning_rate=0.1 | max_depth=4 | rate_drop=0.5 | skip_drop=0.1,100,0.1,4,0.5,0.1,2,0.7478386167146974,0.7685173978336216,0.7478386167146974,0.7367690384196036,0.9470677664321739,0.8783365375701327
n_estimators=100 | learning_rate=0.1 | max_depth=4 | rate_drop=0.5 | skip_drop=0.1,100,0.1,4,0.5,0.1,3,0.7411143131604226,0.7638103152346457,0.7411143131604226,0.7298070246523805,0.9453881869909958,0.8774223383941768
n_estimators=100 | learning_rate=0.1 | max_depth=4 | rate_drop=0.5 | skip_drop=0.1,100,0.1,4,0.5,0.1,4,0.7406340057636888,0.769207707232535,0.7406340057636888,0.7279531008220392,0.9492942966426745,0.8828081985934273
n_estimators=100 | learning_rate=0.1 | max_depth=4 | rate_drop=0.5 | skip_drop=0.1,100,0.1,4,0.5,0.1,5,0.7496395963479097,0.7626558937876936,0.7496395963479097,0.7406063889247319,0.9405928701435301,0.8662680939572992
n_estimators=100 | learning_rate=0.1 | max_depth=4 | rate_drop=0.5 | skip_drop=0.5,100,0.1,4,0.5,0.5,1,0.851104707012488,0.851129362208563,0.851104707012488,0.8507908861006493,0.9746828513852507,0.9369295046081572
n_estimators=100 | learning_rate=0.1 | max_depth=4 | rate_drop=0.5 | skip_drop=0.5,100,0.1,4,0.5,0.5,2,0.8602305475504323,0.8604618790234029,0.8602305475504323,0.8597130187437807,0.9760736293650372,0.9415604499379804
n_estimators=100 | learning_rate=0.1 | max_depth=4 | rate_drop=0.5 | skip_drop=0.5,100,0.1,4,0.5,0.5,3,0.8607108549471661,0.8604418829334786,0.8607108549471661,0.8603683349524079,0.9755504073008011,0.9405470586174602
n_estimators=100 | learning_rate=0.1 | max_depth=4 | rate_drop=0.5 | skip_drop=0.5,100,0.1,4,0.5,0.5,4,0.8602305475504323,0.8607441822743666,0.8602305475504323,0.8602777283647756,0.9756719568955026,0.9415143382781976
n_estimators=100 | learning_rate=0.1 | max_depth=4 | rate_drop=0.5 | skip_drop=0.5,100,0.1,4,0.5,0.5,5,0.8380586256607401,0.8401301090522824,0.8380586256607401,0.8383533914580513,0.9672477467917644,0.9225906549157972
n_estimators=100 | learning_rate=0.1 | max_depth=10 | rate_drop=0.1 | skip_drop=0.1,100,0.1,10,0.1,0.1,1,0.9082612872238233,0.9081933239257595,0.9082612872238233,0.9080575427947972,0.9879582330939454,0.9699570791803467
n_estimators=100 | learning_rate=0.1 | max_depth=10 | rate_drop=0.1 | skip_drop=0.1,100,0.1,10,0.1,0.1,2,0.9048991354466859,0.9046335281998128,0.9048991354466859,0.904510233906698,0.9885284531553612,0.9706315998305081
n_estimators=100 | learning_rate=0.1 | max_depth=10 | rate_drop=0.1 | skip_drop=0.1,100,0.1,10,0.1,0.1,3,0.9159462055715658,0.9158423645529294,0.9159462055715658,0.9158540065123965,0.9879696614346041,0.968542418731665
n_estimators=100 | learning_rate=0.1 | max_depth=10 | rate_drop=0.1 | skip_drop=0.1,100,0.1,10,0.1,0.1,4,0.9087415946205571,0.9090864907298958,0.9087415946205571,0.9086324236812531,0.9872585711991998,0.9688208444607763
n_estimators=100 | learning_rate=0.1 | max_depth=10 | rate_drop=0.1 | skip_drop=0.1,100,0.1,10,0.1,0.1,5,0.8909178279673234,0.8916610415005982,0.8909178279673234,0.8908758269070157,0.9843719878912702,0.9592103240697002
n_estimators=100 | learning_rate=0.1 | max_depth=10 | rate_drop=0.1 | skip_drop=0.5,100,0.1,10,0.1,0.5,1,0.9212295869356388,0.9220092220300513,0.9212295869356388,0.9213623824742292,0.9919023997359667,0.978442224335131
n_estimators=100 | learning_rate=0.1 | max_depth=10 | rate_drop=0.1 | skip_drop=0.5,100,0.1,10,0.1,0.5,2,0.9178674351585014,0.9188656613309888,0.9178674351585014,0.9181530362712781,0.9918348654514472,0.9770980873345464
n_estimators=100 | learning_rate=0.1 | max_depth=10 | rate_drop=0.1 | skip_drop=0.5,100,0.1,10,0.1,0.5,3,0.9183477425552353,0.9189193707302081,0.9183477425552353,0.9185769134523318,0.9909501731545014,0.9755705566325017
n_estimators=100 | learning_rate=0.1 | max_depth=10 | rate_drop=0.1 | skip_drop=0.5,100,0.1,10,0.1,0.5,4,0.9169068203650336,0.9173768126484634,0.9169068203650336,0.9170383868611861,0.9909639756286417,0.9751550677744716
n_estimators=100 | learning_rate=0.1 | max_depth=10 | rate_drop=0.1 | skip_drop=0.5,100,0.1,10,0.1,0.5,5,0.8981259010091303,0.8981606577440938,0.8981259010091303,0.8979789861271923,0.9885831110268871,0.9678925559656761
n_estimators=100 | learning_rate=0.1 | max_depth=10 | rate_drop=0.5 | skip_drop=0.1,100,0.1,10,0.5,0.1,1,0.8957732949087416,0.8956694521197139,0.8957732949087416,0.8951758542417027,0.9864733621348355,0.9674391606065207
n_estimators=100 | learning_rate=0.1 | max_depth=10 | rate_drop=0.5 | skip_drop=0.1,100,0.1,10,0.5,0.1,2,0.8976945244956772,0.897482408736363,0.8976945244956772,0.8969540572468055,0.986424709513538,0.9657912995055767
n_estimators=100 | learning_rate=0.1 | max_depth=10 | rate_drop=0.5 | skip_drop=0.1,100,0.1,10,0.5,0.1,3,0.8967339097022095,0.8966211585438452,0.8967339097022095,0.8959248606949692,0.9859839323504668,0.9637152004548334
n_estimators=100 | learning_rate=0.1 | max_depth=10 | rate_drop=0.5 | skip_drop=0.1,100,0.1,10,0.5,0.1,4,0.9039385206532181,0.9039161881229005,0.9039385206532181,0.903436944565011,0.9846281198420817,0.9643961749404819
n_estimators=100 | learning_rate=0.1 | max_depth=10 | rate_drop=0.5 | skip_drop=0.1,100,0.1,10,0.5,0.1,5,0.8832292167227295,0.8838329382909139,0.8832292167227295,0.8826916297661322,0.9821185904416613,0.955518712317122
n_estimators=100 | learning_rate=0.1 | max_depth=10 | rate_drop=0.5 | skip_drop=0.5,100,0.1,10,0.5,0.5,1,0.9183477425552353,0.9190909577698937,0.9183477425552353,0.9185140483370764,0.9920365301282493,0.9787559411949295
n_estimators=100 | learning_rate=0.1 | max_depth=10 | rate_drop=0.5 | skip_drop=0.5,100,0.1,10,0.5,0.5,2,0.9193083573487032,0.9203565863373872,0.9193083573487032,0.9196516808890458,0.9918418224545761,0.9772707564501585
n_estimators=100 | learning_rate=0.1 | max_depth=10 | rate_drop=0.5 | skip_drop=0.5,100,0.1,10,0.5,0.5,3,0.9173871277617676,0.9179391644721271,0.9173871277617676,0.9176140329416248,0.990868721295162,0.975404252329137
n_estimators=100 | learning_rate=0.1 | max_depth=10 | rate_drop=0.5 | skip_drop=0.5,100,0.1,10,0.5,0.5,4,0.9154658981748319,0.9162366916665398,0.9154658981748319,0.9156445685474555,0.990792783844484,0.9743171066839172
n_estimators=100 | learning_rate=0.1 | max_depth=10 | rate_drop=0.5 | skip_drop=0.5,100,0.1,10,0.5,0.5,5,0.8995675156174916,0.9002832955762211,0.8995675156174916,0.8996976003779079,0.988462097928831,0.9677609521690548
n_estimators=500 | learning_rate=0.01 | max_depth=4 | rate_drop=0.1 | skip_drop=0.1,500,0.01,4,0.1,0.1,1,0.600864553314121,0.7362681717279694,0.600864553314121,0.5480154418865394,0.9444408070701527,0.8730097235675464
n_estimators=500 | learning_rate=0.01 | max_depth=4 | rate_drop=0.1 | skip_drop=0.1,500,0.01,4,0.1,0.1,2,0.5826128722382324,0.7292458350110916,0.5826128722382324,0.5220474036279882,0.9394222126897223,0.8625494791353934
n_estimators=500 | learning_rate=0.01 | max_depth=4 | rate_drop=0.1 | skip_drop=0.1,500,0.01,4,0.1,0.1,3,0.5504322766570605,0.6252548632038752,0.5504322766570605,0.4634558937695804,0.9404877388491552,0.8666208322486582
n_estimators=500 | learning_rate=0.01 | max_depth=4 | rate_drop=0.1 | skip_drop=0.1,500,0.01,4,0.1,0.1,4,0.5941402497598463,0.7013370757978811,0.5941402497598463,0.5354495285313811,0.9411788805976701,0.8627573348205955
n_estimators=500 | learning_rate=0.01 | max_depth=4 | rate_drop=0.1 | skip_drop=0.1,500,0.01,4,0.1,0.1,5,0.5800096107640558,0.7082249973478302,0.5800096107640558,0.519241341700681,0.9336939814670364,0.8518489729843691
n_estimators=500 | learning_rate=0.01 | max_depth=4 | rate_drop=0.1 | skip_drop=0.5,500,0.01,4,0.1,0.5,1,0.8040345821325648,0.8044916822260958,0.8040345821325648,0.8000301737014865,0.9626110309758684,0.9073358708405694
n_estimators=500 | learning_rate=0.01 | max_depth=4 | rate_drop=0.1 | skip_drop=0.5,500,0.01,4,0.1,0.5,2,0.8270893371757925,0.8298075239407678,0.8270893371757925,0.8233940636060489,0.9637936437030401,0.9122115199431073
n_estimators=500 | learning_rate=0.01 | max_depth=4 | rate_drop=0.1 | skip_drop=0.5,500,0.01,4,0.1,0.5,3,0.8218059558117194,0.8252216726788699,0.8218059558117194,0.8176662873283461,0.9620054280759586,0.9130521283553922
n_estimators=500 | learning_rate=0.01 | max_depth=4 | rate_drop=0.1 | skip_drop=0.5,500,0.01,4,0.1,0.5,4,0.8141210374639769,0.8149196583999918,0.8141210374639769,0.8110021086351975,0.9630054079377762,0.9133647916633724
n_estimators=500 | learning_rate=0.01 | max_depth=4 | rate_drop=0.1 | skip_drop=0.5,500,0.01,4,0.1,0.5,5,0.80634310427679,0.8085640790931996,0.80634310427679,0.8034712543710288,0.9532151831796712,0.892342110866864
n_estimators=500 | learning_rate=0.01 | max_depth=4 | rate_drop=0.5 | skip_drop=0.1,500,0.01,4,0.5,0.1,1,0.5509125840537944,0.6228757806365254,0.5509125840537944,0.46452398107415205,0.9438539947455132,0.8712971733397391
n_estimators=500 | learning_rate=0.01 | max_depth=4 | rate_drop=0.5 | skip_drop=0.1,500,0.01,4,0.5,0.1,2,0.5398655139289145,0.6355599930412157,0.5398655139289145,0.4470783967308802,0.9378582818191739,0.8594044901660594
n_estimators=500 | learning_rate=0.01 | max_depth=4 | rate_drop=0.5 | skip_drop=0.1,500,0.01,4,0.5,0.1,3,0.5446685878962536,0.6060106321043534,0.5446685878962536,0.45407291520408916,0.9389984327583465,0.8611422480809194
n_estimators=500 | learning_rate=0.01 | max_depth=4 | rate_drop=0.5 | skip_drop=0.1,500,0.01,4,0.5,0.1,4,0.5537944284341979,0.6177507800422759,0.5537944284341979,0.4691519478788215,0.9385047076986516,0.8568786915821522
n_estimators=500 | learning_rate=0.01 | max_depth=4 | rate_drop=0.5 | skip_drop=0.1,500,0.01,4,0.5,0.1,5,0.54925516578568,0.609863166181608,0.54925516578568,0.4617116638078388,0.9312316546665069,0.8466251196825056
n_estimators=500 | learning_rate=0.01 | max_depth=4 | rate_drop=0.5 | skip_drop=0.5,500,0.01,4,0.5,0.5,1,0.8040345821325648,0.8045755146652052,0.8040345821325648,0.800039492384413,0.9618692136513131,0.9060172971675464
n_estimators=500 | learning_rate=0.01 | max_depth=4 | rate_drop=0.5 | skip_drop=0.5,500,0.01,4,0.5,0.5,2,0.8261287223823247,0.8288439387248674,0.8261287223823247,0.8223823470833108,0.9635077018291083,0.9116354060424313
n_estimators=500 | learning_rate=0.01 | max_depth=4 | rate_drop=0.5 | skip_drop=0.5,500,0.01,4,0.5,0.5,3,0.8218059558117194,0.825258910275516,0.8218059558117194,0.8176130518958247,0.9616393624888139,0.9124074406253703
n_estimators=500 | learning_rate=0.01 | max_depth=4 | rate_drop=0.5 | skip_drop=0.5,500,0.01,4,0.5,0.5,4,0.813640730067243,0.8144303146103586,0.813640730067243,0.8105495995099441,0.9625738114535803,0.9124427401247233
n_estimators=500 | learning_rate=0.01 | max_depth=4 | rate_drop=0.5 | skip_drop=0.5,500,0.01,4,0.5,0.5,5,0.8077847188851514,0.8110098387375925,0.8077847188851514,0.8048582810670436,0.9528068517373026,0.890615222331675
n_estimators=500 | learning_rate=0.01 | max_depth=10 | rate_drop=0.1 | skip_drop=0.1,500,0.01,10,0.1,0.1,1,0.8559077809798271,0.8655678080308461,0.8559077809798271,0.8523967298899027,0.9837477528844077,0.9606038530631813
n_estimators=500 | learning_rate=0.01 | max_depth=10 | rate_drop=0.1 | skip_drop=0.1,500,0.01,10,0.1,0.1,2,0.8496637848222862,0.8619318205804504,0.8496637848222862,0.84465206393334,0.9846660185707693,0.963436847324519
n_estimators=500 | learning_rate=0.01 | max_depth=10 | rate_drop=0.1 | skip_drop=0.1,500,0.01,10,0.1,0.1,3,0.8607108549471661,0.8721957089110743,0.8607108549471661,0.8566519344772862,0.9831935358440046,0.9586683134492098
n_estimators=500 | learning_rate=0.01 | max_depth=10 | rate_drop=0.1 | skip_drop=0.1,500,0.01,10,0.1,0.1,4,0.8453410182516811,0.8374559620699462,0.8453410182516811,0.8331953079470876,0.9835687525656911,0.9623369937171181
n_estimators=500 | learning_rate=0.01 | max_depth=10 | rate_drop=0.1 | skip_drop=0.1,500,0.01,10,0.1,0.1,5,0.829889476213359,0.8451958807682849,0.829889476213359,0.8178551710855739,0.9801502404439486,0.95247873385921
n_estimators=500 | learning_rate=0.01 | max_depth=10 | rate_drop=0.1 | skip_drop=0.5,500,0.01,10,0.1,0.5,1,0.9125840537944284,0.9129599323471103,0.9125840537944284,0.9126179381796251,0.9898841624829762,0.9737905920142746
n_estimators=500 | learning_rate=0.01 | max_depth=10 | rate_drop=0.1 | skip_drop=0.5,500,0.01,10,0.1,0.5,2,0.909221902017291,0.9095427581292314,0.909221902017291,0.9092327620461755,0.9895749317814625,0.9723013616585409
n_estimators=500 | learning_rate=0.01 | max_depth=10 | rate_drop=0.1 | skip_drop=0.5,500,0.01,10,0.1,0.5,3,0.9173871277617676,0.9173883258846703,0.9173871277617676,0.9173780950128801,0.9887881537801831,0.9710309992942288
n_estimators=500 | learning_rate=0.01 | max_depth=10 | rate_drop=0.1 | skip_drop=0.5,500,0.01,10,0.1,0.5,4,0.9106628242074928,0.911320459231122,0.9106628242074928,0.9106852278188015,0.9885990635189552,0.9713350944133581
n_estimators=500 | learning_rate=0.01 | max_depth=10 | rate_drop=0.1 | skip_drop=0.5,500,0.01,10,0.1,0.5,5,0.8952426717924075,0.896022108131557,0.8952426717924075,0.8952676018386908,0.9857218573798098,0.9619324745056668
n_estimators=500 | learning_rate=0.01 | max_depth=10 | rate_drop=0.5 | skip_drop=0.1,500,0.01,10,0.5,0.1,1,0.8126801152737753,0.8195974168754593,0.8126801152737753,0.7978956069916361,0.9829762661998762,0.9596697893104649
n_estimators=500 | learning_rate=0.01 | max_depth=10 | rate_drop=0.5 | skip_drop=0.1,500,0.01,10,0.5,0.1,2,0.8141210374639769,0.8226673573268424,0.8141210374639769,0.7983823185134971,0.9843947813159962,0.962071547269209
n_estimators=500 | learning_rate=0.01 | max_depth=10 | rate_drop=0.5 | skip_drop=0.1,500,0.01,10,0.5,0.1,3,0.8093179634966379,0.8226366230985774,0.8093179634966379,0.7935678498089255,0.9826028953618711,0.9577372121529572
n_estimators=500 | learning_rate=0.01 | max_depth=10 | rate_drop=0.5 | skip_drop=0.1,500,0.01,10,0.5,0.1,4,0.8174831892411143,0.8239909946033039,0.8174831892411143,0.8042482138246793,0.9831620907505146,0.9618571321346387
n_estimators=500 | learning_rate=0.01 | max_depth=10 | rate_drop=0.5 | skip_drop=0.1,500,0.01,10,0.5,0.1,5,0.8082652570879385,0.8144634827513676,0.8082652570879385,0.7932831753185635,0.9793041524021059,0.9510726694124141
n_estimators=500 | learning_rate=0.01 | max_depth=10 | rate_drop=0.5 | skip_drop=0.5,500,0.01,10,0.5,0.5,1,0.9125840537944284,0.912880796931132,0.9125840537944284,0.9125602680008555,0.9898006160754608,0.9736519318187048
n_estimators=500 | learning_rate=0.01 | max_depth=10 | rate_drop=0.5 | skip_drop=0.5,500,0.01,10,0.5,0.5,2,0.9082612872238233,0.908554157924325,0.9082612872238233,0.9082701773257894,0.9895020835315769,0.9721426447650603
n_estimators=500 | learning_rate=0.01 | max_depth=10 | rate_drop=0.5 | skip_drop=0.5,500,0.01,10,0.5,0.5,3,0.9169068203650336,0.9169512185493112,0.9169068203650336,0.916921762765876,0.9887633528132597,0.9707473420561337
n_estimators=500 | learning_rate=0.01 | max_depth=10 | rate_drop=0.5 | skip_drop=0.5,500,0.01,10,0.5,0.5,4,0.9116234390009607,0.9122358776341145,0.9116234390009607,0.9116420472328591,0.9885798712185938,0.9712980485643716
n_estimators=500 | learning_rate=0.01 | max_depth=10 | rate_drop=0.5 | skip_drop=0.5,500,0.01,10,0.5,0.5,5,0.8942815953868333,0.8950448738917707,0.8942815953868333,0.894300709155219,0.9856713836143368,0.9617273833112653
n_estimators=500 | learning_rate=0.1 | max_depth=4 | rate_drop=0.1 | skip_drop=0.1,500,0.1,4,0.1,0.1,1,0.8491834774255523,0.8489365052119104,0.8491834774255523,0.8486617027785677,0.9736869729629558,0.9339904618559052
n_estimators=500 | learning_rate=0.1 | max_depth=4 | rate_drop=0.1 | skip_drop=0.1,500,0.1,4,0.1,0.1,2,0.8539865513928915,0.8542646314066856,0.8539865513928915,0.8534030993211418,0.9744024713224537,0.9377566750295797
n_estimators=500 | learning_rate=0.1 | max_depth=4 | rate_drop=0.1 | skip_drop=0.1,500,0.1,4,0.1,0.1,3,0.8621517771373679,0.8622989583397104,0.8621517771373679,0.8617270343675213,0.975043023842915,0.9400265000132461
n_estimators=500 | learning_rate=0.1 | max_depth=4 | rate_drop=0.1 | skip_drop=0.1,500,0.1,4,0.1,0.1,4,0.8635926993275697,0.8641723490369921,0.8635926993275697,0.8635507427731425,0.9755613177052511,0.941137351026849
n_estimators=500 | learning_rate=0.1 | max_depth=4 | rate_drop=0.1 | skip_drop=0.1,500,0.1,4,0.1,0.1,5,0.8366170110523786,0.8386071213099585,0.8366170110523786,0.8365429100639707,0.9674550563777187,0.9234304347180244
n_estimators=500 | learning_rate=0.1 | max_depth=4 | rate_drop=0.1 | skip_drop=0.5,500,0.1,4,0.1,0.5,1,0.9116234390009607,0.9125951081706456,0.9116234390009607,0.9118819826745316,0.9900314087278042,0.9744786065604271
n_estimators=500 | learning_rate=0.1 | max_depth=4 | rate_drop=0.1 | skip_drop=0.5,500,0.1,4,0.1,0.5,2,0.9077809798270894,0.9086203558276188,0.9077809798270894,0.9080024883180274,0.9893753293801612,0.971415284131668
n_estimators=500 | learning_rate=0.1 | max_depth=4 | rate_drop=0.1 | skip_drop=0.5,500,0.1,4,0.1,0.5,3,0.9101825168107589,0.9108336350787966,0.9101825168107589,0.9104261854637078,0.9893148935942615,0.9711551659315808
n_estimators=500 | learning_rate=0.1 | max_depth=4 | rate_drop=0.1 | skip_drop=0.5,500,0.1,4,0.1,0.5,4,0.9121037463976945,0.9127039646032884,0.9121037463976945,0.9122040740535781,0.9905105356280275,0.9735804019579167
n_estimators=500 | learning_rate=0.1 | max_depth=4 | rate_drop=0.1 | skip_drop=0.5,500,0.1,4,0.1,0.5,5,0.897164824603556,0.8984264663731955,0.897164824603556,0.8974239609933962,0.9860101999688503,0.9620488821803249
n_estimators=500 | learning_rate=0.1 | max_depth=4 | rate_drop=0.5 | skip_drop=0.1,500,0.1,4,0.5,0.1,1,0.8414985590778098,0.840872825038401,0.8414985590778098,0.8406426738984375,0.9717100051142149,0.9290486406572146
n_estimators=500 | learning_rate=0.1 | max_depth=4 | rate_drop=0.5 | skip_drop=0.1,500,0.1,4,0.5,0.1,2,0.8496637848222862,0.8505554169208394,0.8496637848222862,0.8484510017278358,0.9719208334226007,0.9321049671052685
n_estimators=500 | learning_rate=0.1 | max_depth=4 | rate_drop=0.5 | skip_drop=0.1,500,0.1,4,0.5,0.1,3,0.8573487031700289,0.8581655062626192,0.8573487031700289,0.8566660946397522,0.9724429763779003,0.9342371084404368
n_estimators=500 | learning_rate=0.1 | max_depth=4 | rate_drop=0.5 | skip_drop=0.1,500,0.1,4,0.5,0.1,4,0.8573487031700289,0.8587069486904361,0.8573487031700289,0.8569622813164369,0.9722351137631611,0.9343190541466281
n_estimators=500 | learning_rate=0.1 | max_depth=4 | rate_drop=0.5 | skip_drop=0.1,500,0.1,4,0.5,0.1,5,0.829889476213359,0.8322606462787867,0.829889476213359,0.8297186898718363,0.9635477851823829,0.9141854445095603
n_estimators=500 | learning_rate=0.1 | max_depth=4 | rate_drop=0.5 | skip_drop=0.5,500,0.1,4,0.5,0.5,1,0.9111431316042267,0.9120354003029388,0.9111431316042267,0.9113805340300644,0.9898237366628575,0.9738190508471957
n_estimators=500 | learning_rate=0.1 | max_depth=4 | rate_drop=0.5 | skip_drop=0.5,500,0.1,4,0.5,0.5,2,0.9101825168107589,0.9111382777923255,0.9101825168107589,0.9104210896689214,0.9895917659239671,0.9718734286754578
n_estimators=500 | learning_rate=0.1 | max_depth=4 | rate_drop=0.5 | skip_drop=0.5,500,0.1,4,0.5,0.5,3,0.9087415946205571,0.909378683427416,0.9087415946205571,0.9090045944386566,0.9894564167645351,0.971361556287452
n_estimators=500 | learning_rate=0.1 | max_depth=4 | rate_drop=0.5 | skip_drop=0.5,500,0.1,4,0.5,0.5,4,0.9082612872238233,0.9087204970907963,0.9082612872238233,0.9082559877857876,0.9903069099104934,0.9733661214636756
n_estimators=500 | learning_rate=0.1 | max_depth=4 | rate_drop=0.5 | skip_drop=0.5,500,0.1,4,0.5,0.5,5,0.8928399807784719,0.8940592913635729,0.8928399807784719,0.8930299705049439,0.9857070380676954,0.961010973302634
n_estimators=500 | learning_rate=0.1 | max_depth=10 | rate_drop=0.1 | skip_drop=0.1,500,0.1,10,0.1,0.1,1,0.9212295869356388,0.9219312520484217,0.9212295869356388,0.9213566064592112,0.9918075241632487,0.9783003670998605
n_estimators=500 | learning_rate=0.1 | max_depth=10 | rate_drop=0.1 | skip_drop=0.1,500,0.1,10,0.1,0.1,2,0.9188280499519692,0.9197594137651445,0.9188280499519692,0.9191017144337544,0.9917072708324667,0.9768840901443971
n_estimators=500 | learning_rate=0.1 | max_depth=10 | rate_drop=0.1 | skip_drop=0.1,500,0.1,10,0.1,0.1,3,0.9173871277617676,0.9178575873029661,0.9173871277617676,0.9175844902298024,0.9909307561572156,0.9756728908915722
n_estimators=500 | learning_rate=0.1 | max_depth=10 | rate_drop=0.1 | skip_drop=0.1,500,0.1,10,0.1,0.1,4,0.9130643611911623,0.9138476173894163,0.9130643611911623,0.9132902160680142,0.990911033959282,0.9748437595455862
n_estimators=500 | learning_rate=0.1 | max_depth=10 | rate_drop=0.1 | skip_drop=0.1,500,0.1,10,0.1,0.1,5,0.8952426717924075,0.8957323329165032,0.8952426717924075,0.8952802735861022,0.9882554050924209,0.9670911783784921
n_estimators=500 | learning_rate=0.1 | max_depth=10 | rate_drop=0.1 | skip_drop=0.5,500,0.1,10,0.1,0.5,1,0.9221902017291066,0.9227345252932799,0.9221902017291066,0.9222799095751791,0.9918011652589179,0.9777913911023794
n_estimators=500 | learning_rate=0.1 | max_depth=10 | rate_drop=0.1 | skip_drop=0.5,500,0.1,10,0.1,0.5,2,0.9173871277617676,0.9177903520090367,0.9173871277617676,0.917475586319711,0.9918583942558642,0.9770996233058106
n_estimators=500 | learning_rate=0.1 | max_depth=10 | rate_drop=0.1 | skip_drop=0.5,500,0.1,10,0.1,0.5,3,0.9183477425552353,0.9187612974475773,0.9183477425552353,0.9185314933443652,0.9915792329089469,0.9767558698738021
n_estimators=500 | learning_rate=0.1 | max_depth=10 | rate_drop=0.1 | skip_drop=0.5,500,0.1,10,0.1,0.5,4,0.9125840537944284,0.9131005653877116,0.9125840537944284,0.9127285154425222,0.9908525008432258,0.9744998469307118
n_estimators=500 | learning_rate=0.1 | max_depth=10 | rate_drop=0.1 | skip_drop=0.5,500,0.1,10,0.1,0.5,5,0.8981259010091303,0.8983046606081079,0.8981259010091303,0.8981753222231855,0.9889742333689213,0.9687326842888274
n_estimators=500 | learning_rate=0.1 | max_depth=10 | rate_drop=0.5 | skip_drop=0.1,500,0.1,10,0.5,0.1,1,0.9212295869356388,0.9221319247614582,0.9212295869356388,0.921399921936413,0.991539907033573,0.9777248577453905
n_estimators=500 | learning_rate=0.1 | max_depth=10 | rate_drop=0.5 | skip_drop=0.1,500,0.1,10,0.5,0.1,2,0.9149855907780979,0.916016132105406,0.9149855907780979,0.9152417856757594,0.9914261425133369,0.9763635875164428
n_estimators=500 | learning_rate=0.1 | max_depth=10 | rate_drop=0.5 | skip_drop=0.1,500,0.1,10,0.5,0.1,3,0.9164265129682997,0.9168612497401488,0.9164265129682997,0.9166091457195518,0.9903863388253888,0.9744574841638053
n_estimators=500 | learning_rate=0.1 | max_depth=10 | rate_drop=0.5 | skip_drop=0.1,500,0.1,10,0.5,0.1,4,0.9140249759846302,0.9149454081743559,0.9140249759846302,0.9142225171289402,0.9903466473172213,0.9736977771456468
n_estimators=500 | learning_rate=0.1 | max_depth=10 | rate_drop=0.5 | skip_drop=0.1,500,0.1,10,0.5,0.1,5,0.8942815953868333,0.8948944840946065,0.8942815953868333,0.8943094236983525,0.9878390774793786,0.9662010301640576
n_estimators=500 | learning_rate=0.1 | max_depth=10 | rate_drop=0.5 | skip_drop=0.5,500,0.1,10,0.5,0.5,1,0.9226705091258406,0.9233134407461556,0.9226705091258406,0.9227981561328674,0.9920615012870843,0.9782932677817967
n_estimators=500 | learning_rate=0.1 | max_depth=10 | rate_drop=0.5 | skip_drop=0.5,500,0.1,10,0.5,0.5,2,0.9149855907780979,0.9154772208452764,0.9149855907780979,0.9151397706841022,0.991763958921315,0.9772356510344944
n_estimators=500 | learning_rate=0.1 | max_depth=10 | rate_drop=0.5 | skip_drop=0.5,500,0.1,10,0.5,0.5,3,0.9197886647454371,0.9201476870491905,0.9197886647454371,0.9199467511545001,0.9916742264548657,0.9771317213979194
n_estimators=500 | learning_rate=0.1 | max_depth=10 | rate_drop=0.5 | skip_drop=0.5,500,0.1,10,0.5,0.5,4,0.9101825168107589,0.9107258964804001,0.9101825168107589,0.910344969280746,0.9908465373000468,0.9744382911055287
n_estimators=500 | learning_rate=0.1 | max_depth=10 | rate_drop=0.5 | skip_drop=0.5,500,0.1,10,0.5,0.5,5,0.9010091302258529,0.9009872087677641,0.9010091302258529,0.900958480710902,0.9891009522092628,0.9689520846943754
